dataset,category,entity_type,feature_set,dim,n,task_type,method,seed,status,leakage,ref_leakage,ref_metric,imbalance,test_metric,train_metric,gen_gap,runtime_s,reason
tdc_Lipophilicity_AstraZeneca,organic,,,,,,-,,skipped,,,,,,,,,no target
tdc_Solubility_AqSolDB,organic,,,,,,-,,skipped,,,,,,,,,no target
tdc_BBB_Martins,organic,,,,,,-,,skipped,,,,,,,,,no target
moleculenet_bace,organic,molecule,ecfp1024,1024.0,1513.0,classification,random,0.0,ok,0.316933,0.316933,tanimoto,,0.8849,0.9998,0.1149,0.0982,
moleculenet_bace,organic,molecule,ecfp1024,1024.0,1513.0,classification,hypergraph,0.0,ok,0.289877,0.289877,tanimoto,0.0008,0.4825,0.9995,0.5171,0.5782,
moleculenet_bace,organic,molecule,ecfp1024,1024.0,1513.0,classification,lowrank,0.0,ok,0.231675,0.231675,tanimoto,,0.8003,0.9997,0.1994,0.3746,
moleculenet_bace,organic,molecule,maccs,167.0,1513.0,classification,random,0.0,ok,0.319464,0.316933,tanimoto,,0.865,0.9972,0.1322,0.0102,
moleculenet_bace,organic,molecule,maccs,167.0,1513.0,classification,hypergraph,0.0,ok,0.278235,0.2778,tanimoto,0.0165,0.6593,0.9965,0.3372,0.1146,
moleculenet_bace,organic,molecule,maccs,167.0,1513.0,classification,lowrank,0.0,ok,0.257884,0.25114,tanimoto,,0.8785,0.9966,0.1181,0.2597,
moleculenet_bace,organic,molecule,rdkit_descriptors,9.0,1513.0,classification,random,0.0,ok,0.319209,0.316933,tanimoto,,0.8239,0.9984,0.1745,0.015,
moleculenet_bace,organic,molecule,rdkit_descriptors,9.0,1513.0,classification,hypergraph,0.0,ok,0.268988,0.249461,tanimoto,0.0207,0.7336,0.9982,0.2646,0.1409,
moleculenet_bace,organic,molecule,rdkit_descriptors,9.0,1513.0,classification,lowrank,0.0,ok,0.228835,0.290591,tanimoto,,0.7255,0.9985,0.273,0.218,
moleculenet_bace,organic,molecule,chemberta,768.0,1513.0,classification,random,0.0,ok,0.3182,0.316933,tanimoto,,0.8728,1.0,0.1272,0.0349,
moleculenet_bace,organic,molecule,chemberta,768.0,1513.0,classification,hypergraph,0.0,ok,0.249542,0.243712,tanimoto,0.0512,0.8721,1.0,0.1279,0.1178,
moleculenet_bace,organic,molecule,chemberta,768.0,1513.0,classification,lowrank,0.0,ok,0.257059,0.243672,tanimoto,,0.761,1.0,0.239,0.1984,
moleculenet_bace,organic,molecule,ecfp1024,1024.0,1513.0,classification,random,1.0,ok,0.319917,0.319917,tanimoto,,0.9097,0.9997,0.09,0.0241,
moleculenet_bace,organic,molecule,ecfp1024,1024.0,1513.0,classification,hypergraph,1.0,ok,0.289877,0.289877,tanimoto,0.0008,0.408,0.9996,0.5916,0.1149,
moleculenet_bace,organic,molecule,ecfp1024,1024.0,1513.0,classification,lowrank,1.0,ok,0.231679,0.231679,tanimoto,,0.7818,0.9997,0.2179,0.2649,
moleculenet_bace,organic,molecule,maccs,167.0,1513.0,classification,random,1.0,ok,0.319362,0.319917,tanimoto,,0.8802,0.9967,0.1165,0.0065,
moleculenet_bace,organic,molecule,maccs,167.0,1513.0,classification,hypergraph,1.0,ok,0.278235,0.2778,tanimoto,0.0165,0.6591,0.9967,0.3376,0.086,
moleculenet_bace,organic,molecule,maccs,167.0,1513.0,classification,lowrank,1.0,ok,0.257884,0.251151,tanimoto,,0.8712,0.9965,0.1253,0.2628,
moleculenet_bace,organic,molecule,rdkit_descriptors,9.0,1513.0,classification,random,1.0,ok,0.321165,0.319917,tanimoto,,0.8053,0.9981,0.1928,0.0079,
moleculenet_bace,organic,molecule,rdkit_descriptors,9.0,1513.0,classification,hypergraph,1.0,ok,0.268988,0.249461,tanimoto,0.0207,0.7115,0.9982,0.2867,0.1138,
moleculenet_bace,organic,molecule,rdkit_descriptors,9.0,1513.0,classification,lowrank,1.0,ok,0.228655,0.290758,tanimoto,,0.739,0.9983,0.2593,0.2447,
moleculenet_bace,organic,molecule,chemberta,768.0,1513.0,classification,random,1.0,ok,0.319962,0.319917,tanimoto,,0.8587,1.0,0.1413,0.0273,
moleculenet_bace,organic,molecule,chemberta,768.0,1513.0,classification,hypergraph,1.0,ok,0.249542,0.243712,tanimoto,0.0512,0.7963,1.0,0.2037,0.1541,
moleculenet_bace,organic,molecule,chemberta,768.0,1513.0,classification,lowrank,1.0,ok,0.257036,0.243629,tanimoto,,0.7913,1.0,0.2087,0.2156,
moleculenet_bace,organic,molecule,ecfp1024,1024.0,1513.0,classification,random,2.0,ok,0.319544,0.319544,tanimoto,,0.8975,0.9997,0.1022,0.0261,
moleculenet_bace,organic,molecule,ecfp1024,1024.0,1513.0,classification,hypergraph,2.0,ok,0.289877,0.289877,tanimoto,0.0008,0.3979,0.9996,0.6017,0.1195,
moleculenet_bace,organic,molecule,ecfp1024,1024.0,1513.0,classification,lowrank,2.0,ok,0.23174,0.23174,tanimoto,,0.7079,0.9996,0.2918,0.262,
moleculenet_bace,organic,molecule,maccs,167.0,1513.0,classification,random,2.0,ok,0.319668,0.319544,tanimoto,,0.8878,0.9975,0.1097,0.0102,
moleculenet_bace,organic,molecule,maccs,167.0,1513.0,classification,hypergraph,2.0,ok,0.278235,0.2778,tanimoto,0.0165,0.649,0.9968,0.3477,0.1174,
moleculenet_bace,organic,molecule,maccs,167.0,1513.0,classification,lowrank,2.0,ok,0.257884,0.251151,tanimoto,,0.8693,0.9967,0.1274,0.2566,
moleculenet_bace,organic,molecule,rdkit_descriptors,9.0,1513.0,classification,random,2.0,ok,0.318234,0.319544,tanimoto,,0.8207,0.9988,0.1781,0.0081,
moleculenet_bace,organic,molecule,rdkit_descriptors,9.0,1513.0,classification,hypergraph,2.0,ok,0.268988,0.249461,tanimoto,0.0207,0.7371,0.9981,0.261,0.1227,
moleculenet_bace,organic,molecule,rdkit_descriptors,9.0,1513.0,classification,lowrank,2.0,ok,0.229445,0.291753,tanimoto,,0.6929,0.9985,0.3056,0.2478,
moleculenet_bace,organic,molecule,chemberta,768.0,1513.0,classification,random,2.0,ok,0.319104,0.319544,tanimoto,,0.8702,1.0,0.1298,0.027,
moleculenet_bace,organic,molecule,chemberta,768.0,1513.0,classification,hypergraph,2.0,ok,0.249542,0.243712,tanimoto,0.0512,0.8248,1.0,0.1752,0.1328,
moleculenet_bace,organic,molecule,chemberta,768.0,1513.0,classification,lowrank,2.0,ok,0.256808,0.243918,tanimoto,,0.7903,1.0,0.2097,0.1935,
moleculenet_bbbp,organic,molecule,ecfp1024,1024.0,2039.0,classification,random,0.0,ok,0.324346,0.324346,tanimoto,,0.9317,0.9999,0.0682,0.0303,
moleculenet_bbbp,organic,molecule,ecfp1024,1024.0,2039.0,classification,hypergraph,0.0,ok,0.244069,0.244069,tanimoto,0.0509,0.486,0.9998,0.5139,0.1976,
moleculenet_bbbp,organic,molecule,ecfp1024,1024.0,2039.0,classification,lowrank,0.0,ok,0.214568,0.214568,tanimoto,,0.8137,0.9999,0.1862,0.2566,
moleculenet_bbbp,organic,molecule,maccs,167.0,2039.0,classification,random,0.0,ok,0.3226,0.324346,tanimoto,,0.9293,0.9995,0.0702,0.0127,
moleculenet_bbbp,organic,molecule,maccs,167.0,2039.0,classification,hypergraph,0.0,ok,0.192334,0.212546,tanimoto,0.0509,0.6233,0.9997,0.3765,0.1968,
moleculenet_bbbp,organic,molecule,maccs,167.0,2039.0,classification,lowrank,0.0,ok,0.209398,0.241647,tanimoto,,0.8023,0.9995,0.1973,0.2379,
moleculenet_bbbp,organic,molecule,rdkit_descriptors,9.0,2039.0,classification,random,0.0,ok,0.323421,0.324346,tanimoto,,0.8719,0.9998,0.1279,0.0096,
moleculenet_bbbp,organic,molecule,rdkit_descriptors,9.0,2039.0,classification,hypergraph,0.0,ok,0.170538,0.257015,tanimoto,0.049,0.5256,0.9997,0.4741,0.1435,
moleculenet_bbbp,organic,molecule,rdkit_descriptors,9.0,2039.0,classification,lowrank,0.0,ok,0.202961,0.279157,tanimoto,,0.7554,0.9997,0.2443,0.2754,
moleculenet_bbbp,organic,molecule,chemberta,768.0,2039.0,classification,random,0.0,ok,0.3186,0.324346,tanimoto,,0.9428,1.0,0.0572,0.033,
moleculenet_bbbp,organic,molecule,chemberta,768.0,2039.0,classification,hypergraph,0.0,ok,0.251899,0.230368,tanimoto,0.0509,0.7744,1.0,0.2256,0.1943,
moleculenet_bbbp,organic,molecule,chemberta,768.0,2039.0,classification,lowrank,0.0,ok,0.239111,0.260953,tanimoto,,0.6836,1.0,0.3164,0.1906,
moleculenet_bbbp,organic,molecule,ecfp1024,1024.0,2039.0,classification,random,1.0,ok,0.317074,0.317074,tanimoto,,0.9028,0.9999,0.0971,0.0307,
moleculenet_bbbp,organic,molecule,ecfp1024,1024.0,2039.0,classification,hypergraph,1.0,ok,0.244069,0.244069,tanimoto,0.0509,0.617,0.9998,0.3829,0.1624,
moleculenet_bbbp,organic,molecule,ecfp1024,1024.0,2039.0,classification,lowrank,1.0,ok,0.214538,0.214538,tanimoto,,0.7913,0.9999,0.2086,0.2303,
moleculenet_bbbp,organic,molecule,maccs,167.0,2039.0,classification,random,1.0,ok,0.322685,0.317074,tanimoto,,0.9189,0.9999,0.081,0.0073,
moleculenet_bbbp,organic,molecule,maccs,167.0,2039.0,classification,hypergraph,1.0,ok,0.192334,0.212546,tanimoto,0.0509,0.6426,0.9998,0.3572,0.1649,
moleculenet_bbbp,organic,molecule,maccs,167.0,2039.0,classification,lowrank,1.0,ok,0.209398,0.241728,tanimoto,,0.7738,0.9995,0.2257,0.2413,
moleculenet_bbbp,organic,molecule,rdkit_descriptors,9.0,2039.0,classification,random,1.0,ok,0.319245,0.317074,tanimoto,,0.8678,0.9999,0.1321,0.0096,
moleculenet_bbbp,organic,molecule,rdkit_descriptors,9.0,2039.0,classification,hypergraph,1.0,ok,0.170538,0.257015,tanimoto,0.049,0.428,0.9998,0.5717,0.1372,
moleculenet_bbbp,organic,molecule,rdkit_descriptors,9.0,2039.0,classification,lowrank,1.0,ok,0.202343,0.281504,tanimoto,,0.8127,0.9998,0.1871,0.2731,
moleculenet_bbbp,organic,molecule,chemberta,768.0,2039.0,classification,random,1.0,ok,0.319681,0.317074,tanimoto,,0.9647,1.0,0.0353,0.0339,
moleculenet_bbbp,organic,molecule,chemberta,768.0,2039.0,classification,hypergraph,1.0,ok,0.251899,0.230368,tanimoto,0.0509,0.7813,1.0,0.2187,0.2125,
moleculenet_bbbp,organic,molecule,chemberta,768.0,2039.0,classification,lowrank,1.0,ok,0.239118,0.26067,tanimoto,,0.7063,1.0,0.2937,0.2409,
moleculenet_bbbp,organic,molecule,ecfp1024,1024.0,2039.0,classification,random,2.0,ok,0.319041,0.319041,tanimoto,,0.9168,0.9999,0.083,0.0269,
moleculenet_bbbp,organic,molecule,ecfp1024,1024.0,2039.0,classification,hypergraph,2.0,ok,0.244069,0.244069,tanimoto,0.0509,0.4417,0.9998,0.5582,0.1798,
moleculenet_bbbp,organic,molecule,ecfp1024,1024.0,2039.0,classification,lowrank,2.0,ok,0.214535,0.214535,tanimoto,,0.8081,0.9999,0.1917,0.2585,
moleculenet_bbbp,organic,molecule,maccs,167.0,2039.0,classification,random,2.0,ok,0.318635,0.319041,tanimoto,,0.9102,0.9998,0.0896,0.0079,
moleculenet_bbbp,organic,molecule,maccs,167.0,2039.0,classification,hypergraph,2.0,ok,0.192334,0.212546,tanimoto,0.0509,0.6492,0.9998,0.3506,0.2087,
moleculenet_bbbp,organic,molecule,maccs,167.0,2039.0,classification,lowrank,2.0,ok,0.209397,0.241539,tanimoto,,0.8134,0.9995,0.186,0.263,
moleculenet_bbbp,organic,molecule,rdkit_descriptors,9.0,2039.0,classification,random,2.0,ok,0.318876,0.319041,tanimoto,,0.8808,0.9998,0.119,0.0096,
moleculenet_bbbp,organic,molecule,rdkit_descriptors,9.0,2039.0,classification,hypergraph,2.0,ok,0.170538,0.257015,tanimoto,0.049,0.7016,0.9997,0.2981,0.1713,
moleculenet_bbbp,organic,molecule,rdkit_descriptors,9.0,2039.0,classification,lowrank,2.0,ok,0.202282,0.281476,tanimoto,,0.8248,0.9997,0.1749,0.2465,
moleculenet_bbbp,organic,molecule,chemberta,768.0,2039.0,classification,random,2.0,ok,0.320511,0.319041,tanimoto,,0.944,1.0,0.056,0.0342,
moleculenet_bbbp,organic,molecule,chemberta,768.0,2039.0,classification,hypergraph,2.0,ok,0.251899,0.230368,tanimoto,0.0509,0.7605,1.0,0.2395,0.1829,
moleculenet_bbbp,organic,molecule,chemberta,768.0,2039.0,classification,lowrank,2.0,ok,0.239129,0.260577,tanimoto,,0.6717,1.0,0.3283,0.2639,
moleculenet_esol,organic,molecule,ecfp1024,1024.0,1128.0,regression,random,0.0,ok,0.322965,0.322965,tanimoto,,0.6719,0.9446,0.2727,0.0195,
moleculenet_esol,organic,molecule,ecfp1024,1024.0,1128.0,regression,hypergraph,0.0,ok,0.187588,0.187588,tanimoto,0.0521,-0.0749,0.9463,1.0212,0.13,
moleculenet_esol,organic,molecule,ecfp1024,1024.0,1128.0,regression,lowrank,0.0,ok,0.15977,0.15977,tanimoto,,0.0857,0.9571,0.8714,0.2404,
moleculenet_esol,organic,molecule,maccs,167.0,1128.0,regression,random,0.0,ok,0.320903,0.322965,tanimoto,,0.8112,0.9214,0.1102,0.0041,
moleculenet_esol,organic,molecule,maccs,167.0,1128.0,regression,hypergraph,0.0,ok,0.157389,0.212434,tanimoto,0.0521,0.1122,0.9294,0.8172,0.1223,
moleculenet_esol,organic,molecule,maccs,167.0,1128.0,regression,lowrank,0.0,ok,0.158905,0.170441,tanimoto,,0.1295,0.9262,0.7968,0.208,
moleculenet_esol,organic,molecule,rdkit_descriptors,9.0,1128.0,regression,random,0.0,ok,0.32012,0.322965,tanimoto,,0.8912,0.9798,0.0886,0.0069,
moleculenet_esol,organic,molecule,rdkit_descriptors,9.0,1128.0,regression,hypergraph,0.0,ok,0.309845,0.263468,tanimoto,0.0264,-0.2007,0.9809,1.1816,0.099,
moleculenet_esol,organic,molecule,rdkit_descriptors,9.0,1128.0,regression,lowrank,0.0,ok,0.213031,0.290594,tanimoto,,0.4006,0.9801,0.5795,0.2594,
moleculenet_esol,organic,molecule,chemberta,768.0,1128.0,regression,random,0.0,ok,0.320477,0.322965,tanimoto,,0.6648,0.9498,0.2851,0.0202,
moleculenet_esol,organic,molecule,chemberta,768.0,1128.0,regression,hypergraph,0.0,ok,0.212922,0.172472,tanimoto,0.0521,0.0877,0.9587,0.871,0.1033,
moleculenet_esol,organic,molecule,chemberta,768.0,1128.0,regression,lowrank,0.0,ok,0.245531,0.249759,tanimoto,,0.157,0.9596,0.8026,0.2729,
moleculenet_esol,organic,molecule,ecfp1024,1024.0,1128.0,regression,random,1.0,ok,0.321967,0.321967,tanimoto,,0.7068,0.9483,0.2415,0.0109,
moleculenet_esol,organic,molecule,ecfp1024,1024.0,1128.0,regression,hypergraph,1.0,ok,0.187588,0.187588,tanimoto,0.0521,-0.0397,0.9446,0.9843,0.1514,
moleculenet_esol,organic,molecule,ecfp1024,1024.0,1128.0,regression,lowrank,1.0,ok,0.160372,0.160372,tanimoto,,0.2286,0.9437,0.7151,0.2124,
moleculenet_esol,organic,molecule,maccs,167.0,1128.0,regression,random,1.0,ok,0.318308,0.321967,tanimoto,,0.7858,0.9219,0.1361,0.0049,
moleculenet_esol,organic,molecule,maccs,167.0,1128.0,regression,hypergraph,1.0,ok,0.157389,0.212434,tanimoto,0.0521,0.1203,0.9297,0.8094,0.1003,
moleculenet_esol,organic,molecule,maccs,167.0,1128.0,regression,lowrank,1.0,ok,0.158905,0.170441,tanimoto,,0.093,0.9265,0.8335,0.2529,
moleculenet_esol,organic,molecule,rdkit_descriptors,9.0,1128.0,regression,random,1.0,ok,0.318871,0.321967,tanimoto,,0.8973,0.9808,0.0835,0.0031,
moleculenet_esol,organic,molecule,rdkit_descriptors,9.0,1128.0,regression,hypergraph,1.0,ok,0.309845,0.263468,tanimoto,0.0264,-0.2064,0.9806,1.1871,0.0759,
moleculenet_esol,organic,molecule,rdkit_descriptors,9.0,1128.0,regression,lowrank,1.0,ok,0.212494,0.290625,tanimoto,,0.4064,0.9792,0.5728,0.2629,
moleculenet_esol,organic,molecule,chemberta,768.0,1128.0,regression,random,1.0,ok,0.320026,0.321967,tanimoto,,0.6636,0.953,0.2894,0.021,
moleculenet_esol,organic,molecule,chemberta,768.0,1128.0,regression,hypergraph,1.0,ok,0.212922,0.172472,tanimoto,0.0521,0.0996,0.9609,0.8613,0.0802,
moleculenet_esol,organic,molecule,chemberta,768.0,1128.0,regression,lowrank,1.0,ok,0.245249,0.237031,tanimoto,,0.1352,0.9589,0.8237,0.2628,
moleculenet_esol,organic,molecule,ecfp1024,1024.0,1128.0,regression,random,2.0,ok,0.321832,0.321832,tanimoto,,0.662,0.9416,0.2796,0.0179,
moleculenet_esol,organic,molecule,ecfp1024,1024.0,1128.0,regression,hypergraph,2.0,ok,0.187588,0.187588,tanimoto,0.0521,-0.0249,0.9471,0.972,0.1388,
moleculenet_esol,organic,molecule,ecfp1024,1024.0,1128.0,regression,lowrank,2.0,ok,0.159734,0.159734,tanimoto,,0.1693,0.9563,0.787,0.2174,
moleculenet_esol,organic,molecule,maccs,167.0,1128.0,regression,random,2.0,ok,0.323232,0.321832,tanimoto,,0.7309,0.9262,0.1953,0.008,
moleculenet_esol,organic,molecule,maccs,167.0,1128.0,regression,hypergraph,2.0,ok,0.157389,0.212434,tanimoto,0.0521,0.167,0.9305,0.7635,0.1017,
moleculenet_esol,organic,molecule,maccs,167.0,1128.0,regression,lowrank,2.0,ok,0.158905,0.170441,tanimoto,,0.0795,0.9269,0.8474,0.1961,
moleculenet_esol,organic,molecule,rdkit_descriptors,9.0,1128.0,regression,random,2.0,ok,0.323325,0.321832,tanimoto,,0.8502,0.9822,0.132,0.003,
moleculenet_esol,organic,molecule,rdkit_descriptors,9.0,1128.0,regression,hypergraph,2.0,ok,0.309845,0.263468,tanimoto,0.0264,-0.1733,0.9812,1.1545,0.1051,
moleculenet_esol,organic,molecule,rdkit_descriptors,9.0,1128.0,regression,lowrank,2.0,ok,0.212453,0.290758,tanimoto,,0.3767,0.9803,0.6036,0.2661,
moleculenet_esol,organic,molecule,chemberta,768.0,1128.0,regression,random,2.0,ok,0.322487,0.321832,tanimoto,,0.697,0.9506,0.2536,0.0104,
moleculenet_esol,organic,molecule,chemberta,768.0,1128.0,regression,hypergraph,2.0,ok,0.212922,0.172472,tanimoto,0.0521,0.0612,0.9582,0.897,0.1067,
moleculenet_esol,organic,molecule,chemberta,768.0,1128.0,regression,lowrank,2.0,ok,0.245222,0.236597,tanimoto,,0.1423,0.9592,0.8169,0.2616,
moleculenet_freesolv,organic,molecule,ecfp1024,1024.0,642.0,regression,random,0.0,ok,0.32131,0.32131,tanimoto,,0.5874,0.9595,0.3722,0.0077,
moleculenet_freesolv,organic,molecule,ecfp1024,1024.0,642.0,regression,hypergraph,0.0,ok,0.141363,0.141363,tanimoto,0.0525,0.0762,0.9593,0.8831,0.1227,
moleculenet_freesolv,organic,molecule,ecfp1024,1024.0,642.0,regression,lowrank,0.0,ok,0.127414,0.127414,tanimoto,,0.2046,0.9667,0.7621,0.2265,
moleculenet_freesolv,organic,molecule,maccs,167.0,642.0,regression,random,0.0,ok,0.32083,0.32131,tanimoto,,0.928,0.9828,0.0548,0.0059,
moleculenet_freesolv,organic,molecule,maccs,167.0,642.0,regression,hypergraph,0.0,ok,0.198564,0.237999,tanimoto,0.0525,0.3166,0.9847,0.6682,0.099,
moleculenet_freesolv,organic,molecule,maccs,167.0,642.0,regression,lowrank,0.0,ok,0.153284,0.182839,tanimoto,,0.7343,0.9867,0.2524,0.1979,
moleculenet_freesolv,organic,molecule,rdkit_descriptors,9.0,642.0,regression,random,0.0,ok,0.321699,0.32131,tanimoto,,0.8894,0.9758,0.0864,0.0055,
moleculenet_freesolv,organic,molecule,rdkit_descriptors,9.0,642.0,regression,hypergraph,0.0,ok,0.300789,0.322291,tanimoto,0.0388,-0.0206,0.9731,0.9937,0.0802,
moleculenet_freesolv,organic,molecule,rdkit_descriptors,9.0,642.0,regression,lowrank,0.0,ok,0.196722,0.252689,tanimoto,,0.7007,0.9749,0.2742,0.1924,
moleculenet_freesolv,organic,molecule,chemberta,768.0,642.0,regression,random,0.0,ok,0.317872,0.32131,tanimoto,,0.6973,0.9492,0.2519,0.0097,
moleculenet_freesolv,organic,molecule,chemberta,768.0,642.0,regression,hypergraph,0.0,ok,0.24111,0.240125,tanimoto,0.0156,-0.8651,0.9597,1.8249,0.0902,
moleculenet_freesolv,organic,molecule,chemberta,768.0,642.0,regression,lowrank,0.0,ok,0.243164,0.262971,tanimoto,,-0.7552,0.961,1.7161,0.2085,
moleculenet_freesolv,organic,molecule,ecfp1024,1024.0,642.0,regression,random,1.0,ok,0.317369,0.317369,tanimoto,,0.7033,0.9578,0.2546,0.0125,
moleculenet_freesolv,organic,molecule,ecfp1024,1024.0,642.0,regression,hypergraph,1.0,ok,0.141363,0.141363,tanimoto,0.0525,0.1189,0.9599,0.8411,0.1178,
moleculenet_freesolv,organic,molecule,ecfp1024,1024.0,642.0,regression,lowrank,1.0,ok,0.127396,0.127396,tanimoto,,0.2502,0.9647,0.7145,0.1916,
moleculenet_freesolv,organic,molecule,maccs,167.0,642.0,regression,random,1.0,ok,0.313717,0.317369,tanimoto,,0.8971,0.9859,0.0887,0.006,
moleculenet_freesolv,organic,molecule,maccs,167.0,642.0,regression,hypergraph,1.0,ok,0.198564,0.237999,tanimoto,0.0525,0.2823,0.9848,0.7025,0.0997,
moleculenet_freesolv,organic,molecule,maccs,167.0,642.0,regression,lowrank,1.0,ok,0.153284,0.182839,tanimoto,,0.7077,0.9856,0.278,0.2363,
moleculenet_freesolv,organic,molecule,rdkit_descriptors,9.0,642.0,regression,random,1.0,ok,0.329457,0.317369,tanimoto,,0.8885,0.9794,0.091,0.0055,
moleculenet_freesolv,organic,molecule,rdkit_descriptors,9.0,642.0,regression,hypergraph,1.0,ok,0.300789,0.322291,tanimoto,0.0388,0.08,0.9733,0.8933,0.0818,
moleculenet_freesolv,organic,molecule,rdkit_descriptors,9.0,642.0,regression,lowrank,1.0,ok,0.196441,0.249627,tanimoto,,0.6935,0.975,0.2815,0.2257,
moleculenet_freesolv,organic,molecule,chemberta,768.0,642.0,regression,random,1.0,ok,0.318267,0.317369,tanimoto,,0.5866,0.9592,0.3726,0.0143,
moleculenet_freesolv,organic,molecule,chemberta,768.0,642.0,regression,hypergraph,1.0,ok,0.24111,0.240125,tanimoto,0.0156,-1.1353,0.9612,2.0965,0.0911,
moleculenet_freesolv,organic,molecule,chemberta,768.0,642.0,regression,lowrank,1.0,ok,0.243164,0.262971,tanimoto,,-0.7152,0.9633,1.6785,0.2425,
moleculenet_freesolv,organic,molecule,ecfp1024,1024.0,642.0,regression,random,2.0,ok,0.322942,0.322942,tanimoto,,0.7249,0.9551,0.2302,0.0088,
moleculenet_freesolv,organic,molecule,ecfp1024,1024.0,642.0,regression,hypergraph,2.0,ok,0.141363,0.141363,tanimoto,0.0525,0.1493,0.9561,0.8068,0.0989,
moleculenet_freesolv,organic,molecule,ecfp1024,1024.0,642.0,regression,lowrank,2.0,ok,0.12738,0.12738,tanimoto,,0.2398,0.967,0.7272,0.1891,
moleculenet_freesolv,organic,molecule,maccs,167.0,642.0,regression,random,2.0,ok,0.326427,0.322942,tanimoto,,0.8998,0.9828,0.083,0.004,
moleculenet_freesolv,organic,molecule,maccs,167.0,642.0,regression,hypergraph,2.0,ok,0.198564,0.237999,tanimoto,0.0525,0.3411,0.9836,0.6426,0.1015,
moleculenet_freesolv,organic,molecule,maccs,167.0,642.0,regression,lowrank,2.0,ok,0.153284,0.182839,tanimoto,,0.7337,0.9868,0.2531,0.2436,
moleculenet_freesolv,organic,molecule,rdkit_descriptors,9.0,642.0,regression,random,2.0,ok,0.314051,0.322942,tanimoto,,0.8244,0.9781,0.1537,0.0039,
moleculenet_freesolv,organic,molecule,rdkit_descriptors,9.0,642.0,regression,hypergraph,2.0,ok,0.300789,0.322291,tanimoto,0.0388,0.3429,0.9766,0.6337,0.0807,
moleculenet_freesolv,organic,molecule,rdkit_descriptors,9.0,642.0,regression,lowrank,2.0,ok,0.196441,0.249627,tanimoto,,0.6882,0.9741,0.2859,0.2062,
moleculenet_freesolv,organic,molecule,chemberta,768.0,642.0,regression,random,2.0,ok,0.321323,0.322942,tanimoto,,0.6053,0.9569,0.3516,0.0084,
moleculenet_freesolv,organic,molecule,chemberta,768.0,642.0,regression,hypergraph,2.0,ok,0.24111,0.240125,tanimoto,0.0156,-1.4532,0.9633,2.4165,0.0916,
moleculenet_freesolv,organic,molecule,chemberta,768.0,642.0,regression,lowrank,2.0,ok,0.243246,0.26561,tanimoto,,-0.5111,0.9612,1.4723,0.2661,
moleculenet_lipophilicity,organic,molecule,ecfp1024,1024.0,2500.0,regression,random,0.0,ok,0.319932,0.319932,tanimoto,,0.4025,0.9148,0.5123,0.0363,
moleculenet_lipophilicity,organic,molecule,ecfp1024,1024.0,2500.0,regression,hypergraph,0.0,ok,0.243727,0.243727,tanimoto,0.0505,0.086,0.9187,0.8327,0.2761,
moleculenet_lipophilicity,organic,molecule,ecfp1024,1024.0,2500.0,regression,lowrank,0.0,ok,0.244269,0.244269,tanimoto,,0.1502,0.9245,0.7743,0.2846,
moleculenet_lipophilicity,organic,molecule,maccs,167.0,2500.0,regression,random,0.0,ok,0.319235,0.319932,tanimoto,,0.4675,0.9225,0.455,0.0139,
moleculenet_lipophilicity,organic,molecule,maccs,167.0,2500.0,regression,hypergraph,0.0,ok,0.237483,0.259681,tanimoto,0.0505,0.174,0.9255,0.7516,0.2093,
moleculenet_lipophilicity,organic,molecule,maccs,167.0,2500.0,regression,lowrank,0.0,ok,0.229843,0.268889,tanimoto,,0.2543,0.9232,0.6689,0.2539,
moleculenet_lipophilicity,organic,molecule,rdkit_descriptors,9.0,2500.0,regression,random,0.0,ok,0.321229,0.319932,tanimoto,,0.3925,0.9138,0.5213,0.0062,
moleculenet_lipophilicity,organic,molecule,rdkit_descriptors,9.0,2500.0,regression,hypergraph,0.0,ok,0.216605,0.239915,tanimoto,0.0505,0.2804,0.9207,0.6403,0.1714,
moleculenet_lipophilicity,organic,molecule,rdkit_descriptors,9.0,2500.0,regression,lowrank,0.0,ok,0.244453,0.276667,tanimoto,,0.2285,0.9178,0.6893,0.1828,
moleculenet_lipophilicity,organic,molecule,chemberta,768.0,2500.0,regression,random,0.0,ok,0.320412,0.319932,tanimoto,,0.3425,0.9067,0.5642,0.0387,
moleculenet_lipophilicity,organic,molecule,chemberta,768.0,2500.0,regression,hypergraph,0.0,ok,0.236025,0.241118,tanimoto,0.0505,0.1575,0.9118,0.7543,0.2727,
moleculenet_lipophilicity,organic,molecule,chemberta,768.0,2500.0,regression,lowrank,0.0,ok,0.255073,0.267563,tanimoto,,0.1568,0.9126,0.7558,0.2477,
moleculenet_lipophilicity,organic,molecule,ecfp1024,1024.0,2500.0,regression,random,1.0,ok,0.320237,0.320237,tanimoto,,0.4201,0.9218,0.5018,0.0366,
moleculenet_lipophilicity,organic,molecule,ecfp1024,1024.0,2500.0,regression,hypergraph,1.0,ok,0.251268,0.251268,tanimoto,0.0505,0.148,0.9174,0.7694,0.2524,
moleculenet_lipophilicity,organic,molecule,ecfp1024,1024.0,2500.0,regression,lowrank,1.0,ok,0.245046,0.245046,tanimoto,,0.1753,0.9289,0.7536,0.2532,
moleculenet_lipophilicity,organic,molecule,maccs,167.0,2500.0,regression,random,1.0,ok,0.318088,0.320237,tanimoto,,0.4668,0.9285,0.4616,0.0232,
moleculenet_lipophilicity,organic,molecule,maccs,167.0,2500.0,regression,hypergraph,1.0,ok,0.239016,0.259497,tanimoto,0.0505,0.1825,0.9236,0.7411,0.1619,
moleculenet_lipophilicity,organic,molecule,maccs,167.0,2500.0,regression,lowrank,1.0,ok,0.228485,0.270112,tanimoto,,0.2789,0.9253,0.6464,0.1821,
moleculenet_lipophilicity,organic,molecule,rdkit_descriptors,9.0,2500.0,regression,random,1.0,ok,0.318929,0.320237,tanimoto,,0.4326,0.9154,0.4828,0.0163,
moleculenet_lipophilicity,organic,molecule,rdkit_descriptors,9.0,2500.0,regression,hypergraph,1.0,ok,0.237943,0.254858,tanimoto,0.0505,0.0387,0.9232,0.8845,0.1766,
moleculenet_lipophilicity,organic,molecule,rdkit_descriptors,9.0,2500.0,regression,lowrank,1.0,ok,0.245582,0.27638,tanimoto,,0.2453,0.9175,0.6721,0.2268,
moleculenet_lipophilicity,organic,molecule,chemberta,768.0,2500.0,regression,random,1.0,ok,0.319425,0.320237,tanimoto,,0.3265,0.911,0.5845,0.0281,
moleculenet_lipophilicity,organic,molecule,chemberta,768.0,2500.0,regression,hypergraph,1.0,ok,0.224981,0.233947,tanimoto,0.0505,0.1963,0.9131,0.7167,0.2812,
moleculenet_lipophilicity,organic,molecule,chemberta,768.0,2500.0,regression,lowrank,1.0,ok,0.255247,0.26787,tanimoto,,0.2033,0.9147,0.7115,0.3006,
moleculenet_lipophilicity,organic,molecule,ecfp1024,1024.0,2500.0,regression,random,2.0,ok,0.316571,0.316571,tanimoto,,0.4121,0.9156,0.5035,0.0331,
moleculenet_lipophilicity,organic,molecule,ecfp1024,1024.0,2500.0,regression,hypergraph,2.0,ok,0.244822,0.244822,tanimoto,0.0505,0.0854,0.9188,0.8334,0.2404,
moleculenet_lipophilicity,organic,molecule,ecfp1024,1024.0,2500.0,regression,lowrank,2.0,ok,0.245281,0.245281,tanimoto,,0.1329,0.9256,0.7927,0.286,
moleculenet_lipophilicity,organic,molecule,maccs,167.0,2500.0,regression,random,2.0,ok,0.319043,0.316571,tanimoto,,0.5148,0.9276,0.4127,0.0157,
moleculenet_lipophilicity,organic,molecule,maccs,167.0,2500.0,regression,hypergraph,2.0,ok,0.237581,0.258524,tanimoto,0.0505,0.2287,0.9264,0.6977,0.1622,
moleculenet_lipophilicity,organic,molecule,maccs,167.0,2500.0,regression,lowrank,2.0,ok,0.22939,0.268481,tanimoto,,0.212,0.9285,0.7165,0.2749,
moleculenet_lipophilicity,organic,molecule,rdkit_descriptors,9.0,2500.0,regression,random,2.0,ok,0.319869,0.316571,tanimoto,,0.4459,0.9136,0.4677,0.0125,
moleculenet_lipophilicity,organic,molecule,rdkit_descriptors,9.0,2500.0,regression,hypergraph,2.0,ok,0.223003,0.244214,tanimoto,0.0505,0.2317,0.9171,0.6854,0.1922,
moleculenet_lipophilicity,organic,molecule,rdkit_descriptors,9.0,2500.0,regression,lowrank,2.0,ok,0.24689,0.276687,tanimoto,,0.2196,0.9174,0.6977,0.1937,
moleculenet_lipophilicity,organic,molecule,chemberta,768.0,2500.0,regression,random,2.0,ok,0.319547,0.316571,tanimoto,,0.3354,0.9077,0.5723,0.0314,
moleculenet_lipophilicity,organic,molecule,chemberta,768.0,2500.0,regression,hypergraph,2.0,ok,0.22463,0.232717,tanimoto,0.0505,0.187,0.9122,0.7252,0.2753,
moleculenet_lipophilicity,organic,molecule,chemberta,768.0,2500.0,regression,lowrank,2.0,ok,0.255608,0.269262,tanimoto,,0.1702,0.9138,0.7435,0.3087,
moleculenet_clintox,organic,molecule,ecfp1024,1024.0,1480.0,classification,random,0.0,ok,0.319689,0.319689,tanimoto,,0.7716,0.9986,0.227,0.0209,
moleculenet_clintox,organic,molecule,ecfp1024,1024.0,1480.0,classification,hypergraph,0.0,ok,0.233975,0.233975,tanimoto,0.0515,0.5515,0.9986,0.4472,0.1666,
moleculenet_clintox,organic,molecule,ecfp1024,1024.0,1480.0,classification,lowrank,0.0,ok,0.204719,0.204719,tanimoto,,0.6352,0.9987,0.3635,0.2621,
moleculenet_clintox,organic,molecule,maccs,167.0,1480.0,classification,random,0.0,ok,0.317208,0.319689,tanimoto,,0.9463,0.9986,0.0522,0.0101,
moleculenet_clintox,organic,molecule,maccs,167.0,1480.0,classification,hypergraph,0.0,ok,0.211007,0.252922,tanimoto,0.0515,0.6183,0.9985,0.3802,0.1517,
moleculenet_clintox,organic,molecule,maccs,167.0,1480.0,classification,lowrank,0.0,ok,0.196953,0.240199,tanimoto,,0.7478,0.9985,0.2507,0.2591,
moleculenet_clintox,organic,molecule,rdkit_descriptors,9.0,1480.0,classification,random,0.0,ok,0.320709,0.319689,tanimoto,,0.7731,0.9986,0.2255,0.0081,
moleculenet_clintox,organic,molecule,rdkit_descriptors,9.0,1480.0,classification,hypergraph,0.0,ok,0.151981,0.260118,tanimoto,0.0515,0.7078,0.9981,0.2903,0.1369,
moleculenet_clintox,organic,molecule,rdkit_descriptors,9.0,1480.0,classification,lowrank,0.0,ok,0.196676,0.291946,tanimoto,,0.7206,0.9985,0.2779,0.2734,
moleculenet_clintox,organic,molecule,chemberta,768.0,1480.0,classification,random,0.0,ok,0.319882,0.319689,tanimoto,,0.9857,1.0,0.0143,0.0155,
moleculenet_clintox,organic,molecule,chemberta,768.0,1480.0,classification,hypergraph,0.0,ok,0.257338,0.242047,tanimoto,0.0515,0.8684,1.0,0.1316,0.181,
moleculenet_clintox,organic,molecule,chemberta,768.0,1480.0,classification,lowrank,0.0,ok,0.25032,0.242109,tanimoto,,0.9903,1.0,0.0097,0.2279,
moleculenet_clintox,organic,molecule,ecfp1024,1024.0,1480.0,classification,random,1.0,ok,0.31642,0.31642,tanimoto,,0.7976,0.9988,0.2012,0.0216,
moleculenet_clintox,organic,molecule,ecfp1024,1024.0,1480.0,classification,hypergraph,1.0,ok,0.233975,0.233975,tanimoto,0.0515,0.5387,0.9987,0.46,0.1855,
moleculenet_clintox,organic,molecule,ecfp1024,1024.0,1480.0,classification,lowrank,1.0,ok,0.204737,0.204737,tanimoto,,0.5513,0.9987,0.4474,0.261,
moleculenet_clintox,organic,molecule,maccs,167.0,1480.0,classification,random,1.0,ok,0.318029,0.31642,tanimoto,,0.8785,0.9988,0.1203,0.0079,
moleculenet_clintox,organic,molecule,maccs,167.0,1480.0,classification,hypergraph,1.0,ok,0.211007,0.252922,tanimoto,0.0515,0.635,0.9986,0.3636,0.1781,
moleculenet_clintox,organic,molecule,maccs,167.0,1480.0,classification,lowrank,1.0,ok,0.196952,0.240236,tanimoto,,0.8005,0.9983,0.1979,0.2537,
moleculenet_clintox,organic,molecule,rdkit_descriptors,9.0,1480.0,classification,random,1.0,ok,0.320203,0.31642,tanimoto,,0.7324,0.9988,0.2663,0.004,
moleculenet_clintox,organic,molecule,rdkit_descriptors,9.0,1480.0,classification,hypergraph,1.0,ok,0.151981,0.260118,tanimoto,0.0515,0.71,0.9981,0.2881,0.1736,
moleculenet_clintox,organic,molecule,rdkit_descriptors,9.0,1480.0,classification,lowrank,1.0,ok,0.197088,0.293617,tanimoto,,0.7311,0.9987,0.2676,0.2445,
moleculenet_clintox,organic,molecule,chemberta,768.0,1480.0,classification,random,1.0,ok,0.319461,0.31642,tanimoto,,0.9758,1.0,0.0242,0.0261,
moleculenet_clintox,organic,molecule,chemberta,768.0,1480.0,classification,hypergraph,1.0,ok,0.257338,0.242047,tanimoto,0.0515,0.8978,1.0,0.1022,0.1811,
moleculenet_clintox,organic,molecule,chemberta,768.0,1480.0,classification,lowrank,1.0,ok,0.250269,0.241471,tanimoto,,0.9929,1.0,0.0071,0.2816,
moleculenet_clintox,organic,molecule,ecfp1024,1024.0,1480.0,classification,random,2.0,ok,0.323472,0.323472,tanimoto,,0.8161,0.999,0.1829,0.0224,
moleculenet_clintox,organic,molecule,ecfp1024,1024.0,1480.0,classification,hypergraph,2.0,ok,0.233975,0.233975,tanimoto,0.0515,0.6036,0.9987,0.3951,0.1741,
moleculenet_clintox,organic,molecule,ecfp1024,1024.0,1480.0,classification,lowrank,2.0,ok,0.204785,0.204785,tanimoto,,0.5165,0.9987,0.4822,0.255,
moleculenet_clintox,organic,molecule,maccs,167.0,1480.0,classification,random,2.0,ok,0.322852,0.323472,tanimoto,,0.8562,0.999,0.1427,0.0104,
moleculenet_clintox,organic,molecule,maccs,167.0,1480.0,classification,hypergraph,2.0,ok,0.211007,0.252922,tanimoto,0.0515,0.5785,0.9986,0.4201,0.1668,
moleculenet_clintox,organic,molecule,maccs,167.0,1480.0,classification,lowrank,2.0,ok,0.19695,0.239856,tanimoto,,0.7955,0.9985,0.203,0.2184,
moleculenet_clintox,organic,molecule,rdkit_descriptors,9.0,1480.0,classification,random,2.0,ok,0.320883,0.323472,tanimoto,,0.7933,0.999,0.2057,0.008,
moleculenet_clintox,organic,molecule,rdkit_descriptors,9.0,1480.0,classification,hypergraph,2.0,ok,0.151981,0.260118,tanimoto,0.0515,0.7405,0.9981,0.2577,0.1443,
moleculenet_clintox,organic,molecule,rdkit_descriptors,9.0,1480.0,classification,lowrank,2.0,ok,0.197473,0.292181,tanimoto,,0.7227,0.9986,0.2759,0.2536,
moleculenet_clintox,organic,molecule,chemberta,768.0,1480.0,classification,random,2.0,ok,0.320992,0.323472,tanimoto,,0.9822,1.0,0.0178,0.0264,
moleculenet_clintox,organic,molecule,chemberta,768.0,1480.0,classification,hypergraph,2.0,ok,0.257338,0.242047,tanimoto,0.0515,0.893,1.0,0.107,0.3758,
moleculenet_clintox,organic,molecule,chemberta,768.0,1480.0,classification,lowrank,2.0,ok,0.250277,0.242674,tanimoto,,0.9718,1.0,0.0282,0.1942,
moleculenet_hiv,organic,molecule,ecfp1024,1024.0,2500.0,classification,random,0.0,ok,0.322318,0.322318,tanimoto,,0.7772,1.0,0.2228,0.0342,
moleculenet_hiv,organic,molecule,ecfp1024,1024.0,2500.0,classification,hypergraph,0.0,ok,0.195801,0.195801,tanimoto,0.0505,0.6832,1.0,0.3168,0.3335,
moleculenet_hiv,organic,molecule,ecfp1024,1024.0,2500.0,classification,lowrank,0.0,ok,0.210989,0.210989,tanimoto,,0.7534,1.0,0.2466,0.2723,
moleculenet_hiv,organic,molecule,maccs,167.0,2500.0,classification,random,0.0,ok,0.322284,0.322318,tanimoto,,0.8175,1.0,0.1825,0.0083,
moleculenet_hiv,organic,molecule,maccs,167.0,2500.0,classification,hypergraph,0.0,ok,0.219815,0.275189,tanimoto,0.032,0.552,1.0,0.448,0.2305,
moleculenet_hiv,organic,molecule,maccs,167.0,2500.0,classification,lowrank,0.0,ok,0.218757,0.267146,tanimoto,,0.6604,1.0,0.3396,0.2531,
moleculenet_hiv,organic,molecule,rdkit_descriptors,9.0,2500.0,classification,random,0.0,ok,0.320108,0.322318,tanimoto,,0.5581,1.0,0.4419,0.0112,
moleculenet_hiv,organic,molecule,rdkit_descriptors,9.0,2500.0,classification,hypergraph,0.0,ok,0.157473,0.258891,tanimoto,0.0505,0.7212,1.0,0.2788,0.2441,
moleculenet_hiv,organic,molecule,rdkit_descriptors,9.0,2500.0,classification,lowrank,0.0,ok,0.201154,0.305823,tanimoto,,0.6918,1.0,0.3082,0.2827,
moleculenet_hiv,organic,molecule,chemberta,768.0,2500.0,classification,random,0.0,ok,0.320673,0.322318,tanimoto,,0.5779,1.0,0.4221,0.0397,
moleculenet_hiv,organic,molecule,chemberta,768.0,2500.0,classification,hypergraph,0.0,ok,0.23396,0.209165,tanimoto,0.0505,0.6,1.0,0.4,0.3184,
moleculenet_hiv,organic,molecule,chemberta,768.0,2500.0,classification,lowrank,0.0,ok,0.26374,0.247025,tanimoto,,0.3732,1.0,0.6268,0.2908,
moleculenet_hiv,organic,molecule,ecfp1024,1024.0,2500.0,classification,random,1.0,ok,0.319347,0.319347,tanimoto,,0.7676,1.0,0.2324,0.026,
moleculenet_hiv,organic,molecule,ecfp1024,1024.0,2500.0,classification,hypergraph,1.0,ok,0.198059,0.198059,tanimoto,0.0505,0.7456,1.0,0.2544,0.2956,
moleculenet_hiv,organic,molecule,ecfp1024,1024.0,2500.0,classification,lowrank,1.0,ok,0.210633,0.210634,tanimoto,,0.6803,1.0,0.3197,0.2821,
moleculenet_hiv,organic,molecule,maccs,167.0,2500.0,classification,random,1.0,ok,0.321865,0.319347,tanimoto,,0.6434,1.0,0.3566,0.0108,
moleculenet_hiv,organic,molecule,maccs,167.0,2500.0,classification,hypergraph,1.0,ok,0.215962,0.2648,tanimoto,0.038,0.5688,1.0,0.4312,0.2615,
moleculenet_hiv,organic,molecule,maccs,167.0,2500.0,classification,lowrank,1.0,ok,0.217761,0.26441,tanimoto,,0.4536,1.0,0.5464,0.2554,
moleculenet_hiv,organic,molecule,rdkit_descriptors,9.0,2500.0,classification,random,1.0,ok,0.320599,0.319347,tanimoto,,0.5766,1.0,0.4234,0.011,
moleculenet_hiv,organic,molecule,rdkit_descriptors,9.0,2500.0,classification,hypergraph,1.0,ok,0.161579,0.265261,tanimoto,0.0505,0.6858,1.0,0.3142,0.2367,
moleculenet_hiv,organic,molecule,rdkit_descriptors,9.0,2500.0,classification,lowrank,1.0,ok,0.203453,0.306374,tanimoto,,0.5994,1.0,0.4006,0.2807,
moleculenet_hiv,organic,molecule,chemberta,768.0,2500.0,classification,random,1.0,ok,0.320818,0.319347,tanimoto,,0.6271,1.0,0.3729,0.0336,
moleculenet_hiv,organic,molecule,chemberta,768.0,2500.0,classification,hypergraph,1.0,ok,0.236124,0.211077,tanimoto,0.0505,0.5248,1.0,0.4752,0.2779,
moleculenet_hiv,organic,molecule,chemberta,768.0,2500.0,classification,lowrank,1.0,ok,0.264197,0.246161,tanimoto,,0.3804,1.0,0.6196,0.2674,
moleculenet_hiv,organic,molecule,ecfp1024,1024.0,2500.0,classification,random,2.0,ok,0.321478,0.321478,tanimoto,,0.7546,1.0,0.2454,0.031,
moleculenet_hiv,organic,molecule,ecfp1024,1024.0,2500.0,classification,hypergraph,2.0,ok,0.197908,0.197908,tanimoto,0.0505,0.7009,1.0,0.2991,0.3153,
moleculenet_hiv,organic,molecule,ecfp1024,1024.0,2500.0,classification,lowrank,2.0,ok,0.208788,0.208788,tanimoto,,0.7037,1.0,0.2963,0.2891,
moleculenet_hiv,organic,molecule,maccs,167.0,2500.0,classification,random,2.0,ok,0.321392,0.321478,tanimoto,,0.7711,1.0,0.2289,0.0084,
moleculenet_hiv,organic,molecule,maccs,167.0,2500.0,classification,hypergraph,2.0,ok,0.217137,0.272968,tanimoto,0.035,0.6408,1.0,0.3592,0.2514,
moleculenet_hiv,organic,molecule,maccs,167.0,2500.0,classification,lowrank,2.0,ok,0.219877,0.269705,tanimoto,,0.6674,1.0,0.3326,0.3073,
moleculenet_hiv,organic,molecule,rdkit_descriptors,9.0,2500.0,classification,random,2.0,ok,0.321946,0.321478,tanimoto,,0.6373,1.0,0.3627,0.0069,
moleculenet_hiv,organic,molecule,rdkit_descriptors,9.0,2500.0,classification,hypergraph,2.0,ok,0.164707,0.26754,tanimoto,0.0505,0.5818,1.0,0.4182,0.1753,
moleculenet_hiv,organic,molecule,rdkit_descriptors,9.0,2500.0,classification,lowrank,2.0,ok,0.204674,0.306205,tanimoto,,0.6032,1.0,0.3968,0.2647,
moleculenet_hiv,organic,molecule,chemberta,768.0,2500.0,classification,random,2.0,ok,0.320296,0.321478,tanimoto,,0.6059,1.0,0.3941,0.0399,
moleculenet_hiv,organic,molecule,chemberta,768.0,2500.0,classification,hypergraph,2.0,ok,0.238146,0.215837,tanimoto,0.0505,0.6,1.0,0.4,0.2511,
moleculenet_hiv,organic,molecule,chemberta,768.0,2500.0,classification,lowrank,2.0,ok,0.262995,0.247145,tanimoto,,0.5661,1.0,0.4339,0.2115,
moleculenet_tox21,organic,molecule,ecfp1024,1024.0,2500.0,classification,random,0.0,ok,0.320257,0.320257,tanimoto,,0.757,0.9999,0.2429,0.026,
moleculenet_tox21,organic,molecule,ecfp1024,1024.0,2500.0,classification,hypergraph,0.0,ok,0.193597,0.193597,tanimoto,0.0505,0.4957,0.9999,0.5043,0.2819,
moleculenet_tox21,organic,molecule,ecfp1024,1024.0,2500.0,classification,lowrank,0.0,ok,0.175455,0.175455,tanimoto,,0.592,1.0,0.408,0.2837,
moleculenet_tox21,organic,molecule,maccs,167.0,2500.0,classification,random,0.0,ok,0.320549,0.320257,tanimoto,,0.8198,1.0,0.1801,0.0107,
moleculenet_tox21,organic,molecule,maccs,167.0,2500.0,classification,hypergraph,0.0,ok,0.220338,0.239235,tanimoto,0.0505,0.7829,0.9999,0.217,0.2432,
moleculenet_tox21,organic,molecule,maccs,167.0,2500.0,classification,lowrank,0.0,ok,0.183942,0.232453,tanimoto,,0.4625,1.0,0.5375,0.2089,
moleculenet_tox21,organic,molecule,rdkit_descriptors,9.0,2500.0,classification,random,0.0,ok,0.319799,0.320257,tanimoto,,0.7922,1.0,0.2078,0.011,
moleculenet_tox21,organic,molecule,rdkit_descriptors,9.0,2500.0,classification,hypergraph,0.0,ok,0.288818,0.252432,tanimoto,0.027,0.7037,1.0,0.2963,0.17,
moleculenet_tox21,organic,molecule,rdkit_descriptors,9.0,2500.0,classification,lowrank,0.0,ok,0.200984,0.302053,tanimoto,,0.7101,1.0,0.2899,0.2799,
moleculenet_tox21,organic,molecule,chemberta,768.0,2500.0,classification,random,0.0,ok,0.318642,0.320257,tanimoto,,0.7465,1.0,0.2535,0.0356,
moleculenet_tox21,organic,molecule,chemberta,768.0,2500.0,classification,hypergraph,0.0,ok,0.217398,0.196383,tanimoto,0.0505,0.287,1.0,0.713,0.2319,
moleculenet_tox21,organic,molecule,chemberta,768.0,2500.0,classification,lowrank,0.0,ok,0.24644,0.227602,tanimoto,,0.6528,1.0,0.3472,0.2693,
moleculenet_tox21,organic,molecule,ecfp1024,1024.0,2500.0,classification,random,1.0,ok,0.315316,0.315316,tanimoto,,0.7471,1.0,0.2529,0.0227,
moleculenet_tox21,organic,molecule,ecfp1024,1024.0,2500.0,classification,hypergraph,1.0,ok,0.206139,0.206139,tanimoto,0.0505,0.5637,0.9999,0.4362,0.2737,
moleculenet_tox21,organic,molecule,ecfp1024,1024.0,2500.0,classification,lowrank,1.0,ok,0.173516,0.173516,tanimoto,,0.7651,1.0,0.2349,0.2677,
moleculenet_tox21,organic,molecule,maccs,167.0,2500.0,classification,random,1.0,ok,0.319285,0.315316,tanimoto,,0.7276,0.9998,0.2722,0.0152,
moleculenet_tox21,organic,molecule,maccs,167.0,2500.0,classification,hypergraph,1.0,ok,0.219857,0.240132,tanimoto,0.0505,0.8352,0.9998,0.1645,0.2272,
moleculenet_tox21,organic,molecule,maccs,167.0,2500.0,classification,lowrank,1.0,ok,0.18219,0.229362,tanimoto,,0.5315,1.0,0.4684,0.2693,
moleculenet_tox21,organic,molecule,rdkit_descriptors,9.0,2500.0,classification,random,1.0,ok,0.317895,0.315316,tanimoto,,0.776,1.0,0.224,0.0109,
moleculenet_tox21,organic,molecule,rdkit_descriptors,9.0,2500.0,classification,hypergraph,1.0,ok,0.295256,0.260056,tanimoto,0.02,0.544,1.0,0.456,0.1559,
moleculenet_tox21,organic,molecule,rdkit_descriptors,9.0,2500.0,classification,lowrank,1.0,ok,0.201913,0.297662,tanimoto,,0.6442,1.0,0.3558,0.241,
moleculenet_tox21,organic,molecule,chemberta,768.0,2500.0,classification,random,1.0,ok,0.319534,0.315316,tanimoto,,0.8267,1.0,0.1733,0.0315,
moleculenet_tox21,organic,molecule,chemberta,768.0,2500.0,classification,hypergraph,1.0,ok,0.217646,0.185618,tanimoto,0.0505,0.6468,1.0,0.3532,0.2374,
moleculenet_tox21,organic,molecule,chemberta,768.0,2500.0,classification,lowrank,1.0,ok,0.244839,0.227389,tanimoto,,0.6478,1.0,0.3522,0.2465,
moleculenet_tox21,organic,molecule,ecfp1024,1024.0,2500.0,classification,random,2.0,ok,0.320771,0.320771,tanimoto,,0.7737,1.0,0.2263,0.0338,
moleculenet_tox21,organic,molecule,ecfp1024,1024.0,2500.0,classification,hypergraph,2.0,ok,0.210692,0.210692,tanimoto,0.0505,0.4418,0.9999,0.5581,0.2746,
moleculenet_tox21,organic,molecule,ecfp1024,1024.0,2500.0,classification,lowrank,2.0,ok,0.17098,0.17098,tanimoto,,0.6912,0.9999,0.3088,0.2798,
moleculenet_tox21,organic,molecule,maccs,167.0,2500.0,classification,random,2.0,ok,0.323751,0.320771,tanimoto,,0.729,1.0,0.271,0.0147,
moleculenet_tox21,organic,molecule,maccs,167.0,2500.0,classification,hypergraph,2.0,ok,0.220416,0.23998,tanimoto,0.0505,0.7794,0.9997,0.2203,0.2523,
moleculenet_tox21,organic,molecule,maccs,167.0,2500.0,classification,lowrank,2.0,ok,0.180909,0.231555,tanimoto,,0.4777,1.0,0.5222,0.2362,
moleculenet_tox21,organic,molecule,rdkit_descriptors,9.0,2500.0,classification,random,2.0,ok,0.32105,0.320771,tanimoto,,0.6912,1.0,0.3087,0.0051,
moleculenet_tox21,organic,molecule,rdkit_descriptors,9.0,2500.0,classification,hypergraph,2.0,ok,0.308152,0.274409,tanimoto,0.002,0.5279,1.0,0.4721,0.1769,
moleculenet_tox21,organic,molecule,rdkit_descriptors,9.0,2500.0,classification,lowrank,2.0,ok,0.204149,0.30018,tanimoto,,0.7573,1.0,0.2427,0.266,
moleculenet_tox21,organic,molecule,chemberta,768.0,2500.0,classification,random,2.0,ok,0.321337,0.320771,tanimoto,,0.757,1.0,0.243,0.0267,
moleculenet_tox21,organic,molecule,chemberta,768.0,2500.0,classification,hypergraph,2.0,ok,0.219502,0.175883,tanimoto,0.0505,0.4696,1.0,0.5304,0.2533,
moleculenet_tox21,organic,molecule,chemberta,768.0,2500.0,classification,lowrank,2.0,ok,0.244726,0.223167,tanimoto,,0.5199,1.0,0.4801,0.2698,
moleculenet_sider,organic,molecule,ecfp1024,1024.0,1427.0,classification,random,0.0,ok,0.321242,0.321242,tanimoto,,0.7552,1.0,0.2448,0.0157,
moleculenet_sider,organic,molecule,ecfp1024,1024.0,1427.0,classification,hypergraph,0.0,ok,0.224488,0.224488,tanimoto,0.0517,0.5436,1.0,0.4564,0.1838,
moleculenet_sider,organic,molecule,ecfp1024,1024.0,1427.0,classification,lowrank,0.0,ok,0.184226,0.184226,tanimoto,,0.5825,1.0,0.4175,0.252,
moleculenet_sider,organic,molecule,maccs,167.0,1427.0,classification,random,0.0,ok,0.319083,0.321242,tanimoto,,0.7595,0.9997,0.2402,0.0055,
moleculenet_sider,organic,molecule,maccs,167.0,1427.0,classification,hypergraph,0.0,ok,0.18951,0.204059,tanimoto,0.0517,0.6713,0.9999,0.3286,0.156,
moleculenet_sider,organic,molecule,maccs,167.0,1427.0,classification,lowrank,0.0,ok,0.178868,0.214833,tanimoto,,0.6625,0.9996,0.3371,0.2211,
moleculenet_sider,organic,molecule,rdkit_descriptors,9.0,1427.0,classification,random,0.0,ok,0.317187,0.321242,tanimoto,,0.655,1.0,0.345,0.0047,
moleculenet_sider,organic,molecule,rdkit_descriptors,9.0,1427.0,classification,hypergraph,0.0,ok,0.142935,0.233302,tanimoto,0.0517,0.535,1.0,0.465,0.1572,
moleculenet_sider,organic,molecule,rdkit_descriptors,9.0,1427.0,classification,lowrank,0.0,ok,0.19742,0.286649,tanimoto,,0.5972,1.0,0.4028,0.2104,
moleculenet_sider,organic,molecule,chemberta,768.0,1427.0,classification,random,0.0,ok,0.319694,0.321242,tanimoto,,0.7154,1.0,0.2846,0.0132,
moleculenet_sider,organic,molecule,chemberta,768.0,1427.0,classification,hypergraph,0.0,ok,0.195132,0.155547,tanimoto,0.0517,0.539,1.0,0.461,0.1405,
moleculenet_sider,organic,molecule,chemberta,768.0,1427.0,classification,lowrank,0.0,ok,0.227089,0.207088,tanimoto,,0.5998,1.0,0.4002,0.2108,
moleculenet_sider,organic,molecule,ecfp1024,1024.0,1427.0,classification,random,1.0,ok,0.315924,0.315924,tanimoto,,0.7423,1.0,0.2577,0.0133,
moleculenet_sider,organic,molecule,ecfp1024,1024.0,1427.0,classification,hypergraph,1.0,ok,0.224488,0.224488,tanimoto,0.0517,0.5094,1.0,0.4906,0.1505,
moleculenet_sider,organic,molecule,ecfp1024,1024.0,1427.0,classification,lowrank,1.0,ok,0.184169,0.184169,tanimoto,,0.5868,1.0,0.4132,0.2228,
moleculenet_sider,organic,molecule,maccs,167.0,1427.0,classification,random,1.0,ok,0.311813,0.315924,tanimoto,,0.6998,0.9995,0.2997,0.0093,
moleculenet_sider,organic,molecule,maccs,167.0,1427.0,classification,hypergraph,1.0,ok,0.18951,0.204059,tanimoto,0.0517,0.5965,0.9999,0.4034,0.1504,
moleculenet_sider,organic,molecule,maccs,167.0,1427.0,classification,lowrank,1.0,ok,0.178867,0.214801,tanimoto,,0.6867,0.9993,0.3126,0.251,
moleculenet_sider,organic,molecule,rdkit_descriptors,9.0,1427.0,classification,random,1.0,ok,0.318168,0.315924,tanimoto,,0.6957,1.0,0.3043,0.0039,
moleculenet_sider,organic,molecule,rdkit_descriptors,9.0,1427.0,classification,hypergraph,1.0,ok,0.142935,0.233302,tanimoto,0.0517,0.5082,1.0,0.4918,0.1522,
moleculenet_sider,organic,molecule,rdkit_descriptors,9.0,1427.0,classification,lowrank,1.0,ok,0.194597,0.281046,tanimoto,,0.605,1.0,0.395,0.2074,
moleculenet_sider,organic,molecule,chemberta,768.0,1427.0,classification,random,1.0,ok,0.31607,0.315924,tanimoto,,0.6807,1.0,0.3193,0.0253,
moleculenet_sider,organic,molecule,chemberta,768.0,1427.0,classification,hypergraph,1.0,ok,0.195132,0.155547,tanimoto,0.0517,0.6172,1.0,0.3828,0.1559,
moleculenet_sider,organic,molecule,chemberta,768.0,1427.0,classification,lowrank,1.0,ok,0.227129,0.207768,tanimoto,,0.6374,1.0,0.3626,0.2359,
moleculenet_sider,organic,molecule,ecfp1024,1024.0,1427.0,classification,random,2.0,ok,0.323623,0.323623,tanimoto,,0.7955,1.0,0.2045,0.0216,
moleculenet_sider,organic,molecule,ecfp1024,1024.0,1427.0,classification,hypergraph,2.0,ok,0.224488,0.224488,tanimoto,0.0517,0.5216,1.0,0.4784,0.1685,
moleculenet_sider,organic,molecule,ecfp1024,1024.0,1427.0,classification,lowrank,2.0,ok,0.184162,0.184162,tanimoto,,0.5464,1.0,0.4536,0.2125,
moleculenet_sider,organic,molecule,maccs,167.0,1427.0,classification,random,2.0,ok,0.324268,0.323623,tanimoto,,0.7634,0.9997,0.2363,0.0048,
moleculenet_sider,organic,molecule,maccs,167.0,1427.0,classification,hypergraph,2.0,ok,0.18951,0.204059,tanimoto,0.0517,0.6184,0.9999,0.3815,0.1385,
moleculenet_sider,organic,molecule,maccs,167.0,1427.0,classification,lowrank,2.0,ok,0.178863,0.214699,tanimoto,,0.6569,0.9995,0.3426,0.2108,
moleculenet_sider,organic,molecule,rdkit_descriptors,9.0,1427.0,classification,random,2.0,ok,0.317,0.323623,tanimoto,,0.7099,1.0,0.2901,0.0051,
moleculenet_sider,organic,molecule,rdkit_descriptors,9.0,1427.0,classification,hypergraph,2.0,ok,0.142935,0.233302,tanimoto,0.0517,0.5927,1.0,0.4073,0.1193,
moleculenet_sider,organic,molecule,rdkit_descriptors,9.0,1427.0,classification,lowrank,2.0,ok,0.19408,0.276244,tanimoto,,0.6241,1.0,0.3759,0.212,
moleculenet_sider,organic,molecule,chemberta,768.0,1427.0,classification,random,2.0,ok,0.321182,0.323623,tanimoto,,0.7213,1.0,0.2787,0.017,
moleculenet_sider,organic,molecule,chemberta,768.0,1427.0,classification,hypergraph,2.0,ok,0.195132,0.155547,tanimoto,0.0517,0.5079,1.0,0.4921,0.1529,
moleculenet_sider,organic,molecule,chemberta,768.0,1427.0,classification,lowrank,2.0,ok,0.227065,0.206765,tanimoto,,0.5555,1.0,0.4445,0.2301,
moleculenet_muv,organic,molecule,ecfp1024,1024.0,2500.0,classification,random,0.0,ok,0.320984,0.320984,tanimoto,,1.0,1.0,0.0,0.035,
moleculenet_muv,organic,molecule,ecfp1024,1024.0,2500.0,classification,hypergraph,0.0,ok,0.225098,0.225098,tanimoto,0.0505,1.0,1.0,0.0,0.3277,
moleculenet_muv,organic,molecule,ecfp1024,1024.0,2500.0,classification,lowrank,0.0,ok,0.244759,0.244759,tanimoto,,,,,0.2287,train single-class
moleculenet_muv,organic,molecule,maccs,167.0,2500.0,classification,random,0.0,ok,0.320174,0.320984,tanimoto,,1.0,1.0,0.0,0.0065,
moleculenet_muv,organic,molecule,maccs,167.0,2500.0,classification,hypergraph,0.0,ok,0.242679,0.256722,tanimoto,0.0505,1.0,1.0,0.0,0.1954,
moleculenet_muv,organic,molecule,maccs,167.0,2500.0,classification,lowrank,0.0,ok,0.243947,0.283135,tanimoto,,1.0,1.0,0.0,0.2154,
moleculenet_muv,organic,molecule,rdkit_descriptors,9.0,2500.0,classification,random,0.0,ok,0.319129,0.320984,tanimoto,,1.0,1.0,0.0,0.0049,
moleculenet_muv,organic,molecule,rdkit_descriptors,9.0,2500.0,classification,hypergraph,0.0,ok,0.313747,0.31494,tanimoto,0.0499,,,,0.1943,train single-class
moleculenet_muv,organic,molecule,rdkit_descriptors,9.0,2500.0,classification,lowrank,0.0,ok,0.248837,0.305373,tanimoto,,1.0,1.0,0.0,0.2105,
moleculenet_muv,organic,molecule,chemberta,768.0,2500.0,classification,random,0.0,ok,0.320185,0.320984,tanimoto,,1.0,1.0,0.0,0.025,
moleculenet_muv,organic,molecule,chemberta,768.0,2500.0,classification,hypergraph,0.0,ok,0.246749,0.242481,tanimoto,0.0505,1.0,1.0,0.0,0.2942,
moleculenet_muv,organic,molecule,chemberta,768.0,2500.0,classification,lowrank,0.0,ok,0.267982,0.277968,tanimoto,,,,,0.2648,train single-class
moleculenet_muv,organic,molecule,ecfp1024,1024.0,2500.0,classification,random,1.0,ok,0.319821,0.319821,tanimoto,,,,,0.024,train single-class
moleculenet_muv,organic,molecule,ecfp1024,1024.0,2500.0,classification,hypergraph,1.0,ok,0.22699,0.22699,tanimoto,0.0505,,,,0.2841,train single-class
moleculenet_muv,organic,molecule,ecfp1024,1024.0,2500.0,classification,lowrank,1.0,ok,0.24542,0.24542,tanimoto,,,,,0.2073,train single-class
moleculenet_muv,organic,molecule,maccs,167.0,2500.0,classification,random,1.0,ok,0.320857,0.319821,tanimoto,,,,,0.0064,train single-class
moleculenet_muv,organic,molecule,maccs,167.0,2500.0,classification,hypergraph,1.0,ok,0.246256,0.261061,tanimoto,0.046,,,,0.1516,train single-class
moleculenet_muv,organic,molecule,maccs,167.0,2500.0,classification,lowrank,1.0,ok,0.243183,0.2852,tanimoto,,,,,0.189,train single-class
moleculenet_muv,organic,molecule,rdkit_descriptors,9.0,2500.0,classification,random,1.0,ok,0.321795,0.319821,tanimoto,,,,,0.004,train single-class
moleculenet_muv,organic,molecule,rdkit_descriptors,9.0,2500.0,classification,hypergraph,1.0,ok,0.30117,0.300508,tanimoto,0.0005,,,,0.1476,train single-class
moleculenet_muv,organic,molecule,rdkit_descriptors,9.0,2500.0,classification,lowrank,1.0,ok,0.247231,0.308469,tanimoto,,,,,0.1796,train single-class
moleculenet_muv,organic,molecule,chemberta,768.0,2500.0,classification,random,1.0,ok,0.319398,0.319821,tanimoto,,,,,0.0224,train single-class
moleculenet_muv,organic,molecule,chemberta,768.0,2500.0,classification,hypergraph,1.0,ok,0.24637,0.244938,tanimoto,0.0505,,,,0.2702,train single-class
moleculenet_muv,organic,molecule,chemberta,768.0,2500.0,classification,lowrank,1.0,ok,0.26849,0.279336,tanimoto,,,,,0.2124,train single-class
moleculenet_muv,organic,molecule,ecfp1024,1024.0,2500.0,classification,random,2.0,ok,0.320242,0.320242,tanimoto,,,,,0.0227,train single-class
moleculenet_muv,organic,molecule,ecfp1024,1024.0,2500.0,classification,hypergraph,2.0,ok,0.228574,0.228574,tanimoto,0.0505,,,,0.269,train single-class
moleculenet_muv,organic,molecule,ecfp1024,1024.0,2500.0,classification,lowrank,2.0,ok,0.246581,0.246581,tanimoto,,,,,0.2045,train single-class
moleculenet_muv,organic,molecule,maccs,167.0,2500.0,classification,random,2.0,ok,0.31991,0.320242,tanimoto,,,,,0.0066,train single-class
moleculenet_muv,organic,molecule,maccs,167.0,2500.0,classification,hypergraph,2.0,ok,0.244682,0.261637,tanimoto,0.047,,,,0.1476,train single-class
moleculenet_muv,organic,molecule,maccs,167.0,2500.0,classification,lowrank,2.0,ok,0.242094,0.283569,tanimoto,,,,,0.1871,train single-class
moleculenet_muv,organic,molecule,rdkit_descriptors,9.0,2500.0,classification,random,2.0,ok,0.320423,0.320242,tanimoto,,,,,0.0042,train single-class
moleculenet_muv,organic,molecule,rdkit_descriptors,9.0,2500.0,classification,hypergraph,2.0,ok,0.314917,0.314797,tanimoto,0.0499,,,,0.1656,train single-class
moleculenet_muv,organic,molecule,rdkit_descriptors,9.0,2500.0,classification,lowrank,2.0,ok,0.248448,0.306646,tanimoto,,,,,0.1892,train single-class
moleculenet_muv,organic,molecule,chemberta,768.0,2500.0,classification,random,2.0,ok,0.320321,0.320242,tanimoto,,,,,0.0215,train single-class
moleculenet_muv,organic,molecule,chemberta,768.0,2500.0,classification,hypergraph,2.0,ok,0.244548,0.2434,tanimoto,0.0505,,,,0.2556,train single-class
moleculenet_muv,organic,molecule,chemberta,768.0,2500.0,classification,lowrank,2.0,ok,0.268459,0.277,tanimoto,,,,,0.2093,train single-class
moleculenet_qm8,organic,molecule,ecfp1024,1024.0,2500.0,regression,random,0.0,ok,0.319255,0.319255,tanimoto,,0.865,0.9737,0.1087,0.0242,
moleculenet_qm8,organic,molecule,ecfp1024,1024.0,2500.0,regression,hypergraph,0.0,ok,0.186764,0.186764,tanimoto,0.024,0.0974,0.98,0.8827,0.2176,
moleculenet_qm8,organic,molecule,ecfp1024,1024.0,2500.0,regression,lowrank,0.0,ok,0.187312,0.187312,tanimoto,,0.3797,0.9811,0.6014,0.2226,
moleculenet_qm8,organic,molecule,maccs,167.0,2500.0,regression,random,0.0,ok,0.316789,0.319255,tanimoto,,0.8996,0.9824,0.0828,0.007,
moleculenet_qm8,organic,molecule,maccs,167.0,2500.0,regression,hypergraph,0.0,ok,0.216348,0.178526,tanimoto,0.0375,-0.4619,0.9836,1.4455,0.1683,
moleculenet_qm8,organic,molecule,maccs,167.0,2500.0,regression,lowrank,0.0,ok,0.198538,0.239164,tanimoto,,0.7975,0.986,0.1885,0.1812,
moleculenet_qm8,organic,molecule,rdkit_descriptors,9.0,2500.0,regression,random,0.0,ok,0.318673,0.319255,tanimoto,,0.6969,0.9419,0.2451,0.0051,
moleculenet_qm8,organic,molecule,rdkit_descriptors,9.0,2500.0,regression,hypergraph,0.0,ok,0.246156,0.303821,tanimoto,0.005,-0.2706,0.9439,1.2146,0.0958,
moleculenet_qm8,organic,molecule,rdkit_descriptors,9.0,2500.0,regression,lowrank,0.0,ok,0.225485,0.254947,tanimoto,,0.2813,0.9487,0.6674,0.2775,
moleculenet_qm8,organic,molecule,chemberta,768.0,2500.0,regression,random,0.0,ok,0.319893,0.319255,tanimoto,,0.6653,0.9498,0.2845,0.022,
moleculenet_qm8,organic,molecule,chemberta,768.0,2500.0,regression,hypergraph,0.0,ok,0.219514,0.183812,tanimoto,0.026,0.045,0.955,0.91,0.2105,
moleculenet_qm8,organic,molecule,chemberta,768.0,2500.0,regression,lowrank,0.0,ok,0.223086,0.206726,tanimoto,,0.1828,0.9536,0.7709,0.2953,
moleculenet_qm8,organic,molecule,ecfp1024,1024.0,2500.0,regression,random,1.0,ok,0.31915,0.31915,tanimoto,,0.799,0.9754,0.1764,0.0238,
moleculenet_qm8,organic,molecule,ecfp1024,1024.0,2500.0,regression,hypergraph,1.0,ok,0.198196,0.198196,tanimoto,0.009,0.0076,0.9806,0.9731,0.2301,
moleculenet_qm8,organic,molecule,ecfp1024,1024.0,2500.0,regression,lowrank,1.0,ok,0.188521,0.188521,tanimoto,,0.1805,0.9811,0.8006,0.2831,
moleculenet_qm8,organic,molecule,maccs,167.0,2500.0,regression,random,1.0,ok,0.321563,0.31915,tanimoto,,0.8848,0.9857,0.1009,0.0093,
moleculenet_qm8,organic,molecule,maccs,167.0,2500.0,regression,hypergraph,1.0,ok,0.226032,0.188429,tanimoto,0.0235,-0.2657,0.9856,1.2513,0.2094,
moleculenet_qm8,organic,molecule,maccs,167.0,2500.0,regression,lowrank,1.0,ok,0.200767,0.247468,tanimoto,,0.7942,0.9875,0.1933,0.2284,
moleculenet_qm8,organic,molecule,rdkit_descriptors,9.0,2500.0,regression,random,1.0,ok,0.321181,0.31915,tanimoto,,0.7015,0.9481,0.2466,0.0112,
moleculenet_qm8,organic,molecule,rdkit_descriptors,9.0,2500.0,regression,hypergraph,1.0,ok,0.24955,0.308699,tanimoto,0.0015,0.0062,0.9451,0.939,0.1192,
moleculenet_qm8,organic,molecule,rdkit_descriptors,9.0,2500.0,regression,lowrank,1.0,ok,0.226614,0.258228,tanimoto,,0.0554,0.9539,0.8985,0.1735,
moleculenet_qm8,organic,molecule,chemberta,768.0,2500.0,regression,random,1.0,ok,0.322474,0.31915,tanimoto,,0.609,0.9503,0.3413,0.0369,
moleculenet_qm8,organic,molecule,chemberta,768.0,2500.0,regression,hypergraph,1.0,ok,0.231221,0.192786,tanimoto,0.015,-0.4278,0.9547,1.3826,0.172,
moleculenet_qm8,organic,molecule,chemberta,768.0,2500.0,regression,lowrank,1.0,ok,0.225037,0.207165,tanimoto,,0.1593,0.9552,0.7959,0.239,
moleculenet_qm8,organic,molecule,ecfp1024,1024.0,2500.0,regression,random,2.0,ok,0.318453,0.318453,tanimoto,,0.7949,0.9769,0.182,0.0344,
moleculenet_qm8,organic,molecule,ecfp1024,1024.0,2500.0,regression,hypergraph,2.0,ok,0.194633,0.194633,tanimoto,0.009,-0.0712,0.9791,1.0503,0.2227,
moleculenet_qm8,organic,molecule,ecfp1024,1024.0,2500.0,regression,lowrank,2.0,ok,0.186684,0.186684,tanimoto,,0.1723,0.9804,0.8081,0.2397,
moleculenet_qm8,organic,molecule,maccs,167.0,2500.0,regression,random,2.0,ok,0.317914,0.318453,tanimoto,,0.8926,0.9843,0.0917,0.0094,
moleculenet_qm8,organic,molecule,maccs,167.0,2500.0,regression,hypergraph,2.0,ok,0.227695,0.187787,tanimoto,0.0225,-0.6093,0.9842,1.5935,0.2144,
moleculenet_qm8,organic,molecule,maccs,167.0,2500.0,regression,lowrank,2.0,ok,0.200659,0.24965,tanimoto,,0.8002,0.9862,0.186,0.2395,
moleculenet_qm8,organic,molecule,rdkit_descriptors,9.0,2500.0,regression,random,2.0,ok,0.317975,0.318453,tanimoto,,0.6126,0.9438,0.3312,0.0111,
moleculenet_qm8,organic,molecule,rdkit_descriptors,9.0,2500.0,regression,hypergraph,2.0,ok,0.233235,0.302712,tanimoto,0.0015,-0.0834,0.9449,1.0283,0.1096,
moleculenet_qm8,organic,molecule,rdkit_descriptors,9.0,2500.0,regression,lowrank,2.0,ok,0.226698,0.256985,tanimoto,,0.126,0.9491,0.8231,0.2561,
moleculenet_qm8,organic,molecule,chemberta,768.0,2500.0,regression,random,2.0,ok,0.317419,0.318453,tanimoto,,0.5822,0.9536,0.3713,0.0379,
moleculenet_qm8,organic,molecule,chemberta,768.0,2500.0,regression,hypergraph,2.0,ok,0.228098,0.188913,tanimoto,0.016,-0.0428,0.9558,0.9986,0.2153,
moleculenet_qm8,organic,molecule,chemberta,768.0,2500.0,regression,lowrank,2.0,ok,0.223382,0.206546,tanimoto,,0.2134,0.9535,0.7401,0.2753,
qmof,inorganic,mof,magpie,59.0,2500.0,regression,random,0.0,ok,0.322081,0.322081,euclidean,,0.5774,0.9487,0.3713,0.0049,
qmof,inorganic,mof,magpie,59.0,2500.0,regression,hypergraph,0.0,ok,0.243301,0.243301,euclidean,0.0095,0.1123,0.9468,0.8344,0.1893,
qmof,inorganic,mof,magpie,59.0,2500.0,regression,lowrank,0.0,ok,0.237345,0.237345,euclidean,,0.3749,0.9495,0.5745,0.2877,
qmof,inorganic,mof,mat2vec,200.0,2500.0,regression,random,0.0,ok,0.322448,0.322081,euclidean,,0.4891,0.9353,0.4462,0.0177,
qmof,inorganic,mof,mat2vec,200.0,2500.0,regression,hypergraph,0.0,ok,0.180338,0.2003,euclidean,0.0505,0.3898,0.9329,0.5431,0.2625,
qmof,inorganic,mof,mat2vec,200.0,2500.0,regression,lowrank,0.0,ok,0.196817,0.238455,euclidean,,0.3812,0.9298,0.5487,0.2889,
qmof,inorganic,mof,linker_ecfp,1024.0,2500.0,regression,random,0.0,ok,0.319375,0.322081,euclidean,,0.1118,0.578,0.4662,0.0419,
qmof,inorganic,mof,linker_ecfp,1024.0,2500.0,regression,hypergraph,0.0,ok,0.156532,0.255846,euclidean,0.0505,-0.1201,0.5964,0.7165,0.2452,
qmof,inorganic,mof,linker_ecfp,1024.0,2500.0,regression,lowrank,0.0,ok,0.087955,0.286657,euclidean,,0.0275,0.5549,0.5274,0.2616,
qmof,inorganic,mof,magpie,59.0,2500.0,regression,random,1.0,ok,0.324203,0.324203,euclidean,,0.6097,0.9502,0.3405,0.0126,
qmof,inorganic,mof,magpie,59.0,2500.0,regression,hypergraph,1.0,ok,0.258297,0.258297,euclidean,0.0319,0.0962,0.9483,0.8521,0.2033,
qmof,inorganic,mof,magpie,59.0,2500.0,regression,lowrank,1.0,ok,0.237646,0.237646,euclidean,,0.3777,0.9512,0.5735,0.2946,
qmof,inorganic,mof,mat2vec,200.0,2500.0,regression,random,1.0,ok,0.325566,0.324203,euclidean,,0.5422,0.9341,0.392,0.0185,
qmof,inorganic,mof,mat2vec,200.0,2500.0,regression,hypergraph,1.0,ok,0.188353,0.223213,euclidean,0.0505,0.4059,0.9373,0.5314,0.2333,
qmof,inorganic,mof,mat2vec,200.0,2500.0,regression,lowrank,1.0,ok,0.196584,0.239153,euclidean,,0.3221,0.9324,0.6103,0.2884,
qmof,inorganic,mof,linker_ecfp,1024.0,2500.0,regression,random,1.0,ok,0.334702,0.324203,euclidean,,0.1058,0.58,0.4742,0.0374,
qmof,inorganic,mof,linker_ecfp,1024.0,2500.0,regression,hypergraph,1.0,ok,0.143465,0.249974,euclidean,0.0505,0.0182,0.6157,0.5975,0.1876,
qmof,inorganic,mof,linker_ecfp,1024.0,2500.0,regression,lowrank,1.0,ok,0.089366,0.283454,euclidean,,0.0585,0.564,0.5054,0.2879,
qmof,inorganic,mof,magpie,59.0,2500.0,regression,random,2.0,ok,0.319614,0.319614,euclidean,,0.5718,0.9489,0.3771,0.0126,
qmof,inorganic,mof,magpie,59.0,2500.0,regression,hypergraph,2.0,ok,0.240036,0.240036,euclidean,0.0115,-0.0351,0.9465,0.9815,0.2005,
qmof,inorganic,mof,magpie,59.0,2500.0,regression,lowrank,2.0,ok,0.237696,0.237696,euclidean,,0.4067,0.9491,0.5424,0.2772,
qmof,inorganic,mof,mat2vec,200.0,2500.0,regression,random,2.0,ok,0.319072,0.319614,euclidean,,0.5118,0.9363,0.4245,0.0181,
qmof,inorganic,mof,mat2vec,200.0,2500.0,regression,hypergraph,2.0,ok,0.183427,0.202677,euclidean,0.0505,0.3758,0.9338,0.558,0.2837,
qmof,inorganic,mof,mat2vec,200.0,2500.0,regression,lowrank,2.0,ok,0.197776,0.239476,euclidean,,0.3528,0.9297,0.5769,0.2936,
qmof,inorganic,mof,linker_ecfp,1024.0,2500.0,regression,random,2.0,ok,0.313106,0.319614,euclidean,,0.0371,0.5887,0.5515,0.0379,
qmof,inorganic,mof,linker_ecfp,1024.0,2500.0,regression,hypergraph,2.0,ok,0.156535,0.252047,euclidean,0.0505,-0.0448,0.6035,0.6484,0.1905,
qmof,inorganic,mof,linker_ecfp,1024.0,2500.0,regression,lowrank,2.0,ok,0.090048,0.283572,euclidean,,-0.0032,0.5688,0.572,0.236,
omol25,inorganic,,,,,,-,,skipped,,,,,,,,,no raw identifiers
materials_project,inorganic,material,magpie,59.0,2500.0,regression,random,0.0,ok,0.319079,0.319079,euclidean,,0.7926,0.974,0.1813,0.0054,
materials_project,inorganic,material,magpie,59.0,2500.0,regression,hypergraph,0.0,ok,0.235099,0.235099,euclidean,0.0505,0.596,0.9762,0.3802,0.2452,
materials_project,inorganic,material,magpie,59.0,2500.0,regression,lowrank,0.0,ok,0.25719,0.25719,euclidean,,0.7601,0.9729,0.2128,0.2828,
materials_project,inorganic,material,mat2vec,200.0,2500.0,regression,random,0.0,ok,0.319544,0.319079,euclidean,,0.7648,0.9678,0.203,0.0179,
materials_project,inorganic,material,mat2vec,200.0,2500.0,regression,hypergraph,0.0,ok,0.201074,0.23464,euclidean,0.0505,0.0452,0.9706,0.9253,0.222,
materials_project,inorganic,material,mat2vec,200.0,2500.0,regression,lowrank,0.0,ok,0.220255,0.258356,euclidean,,0.4645,0.9692,0.5047,0.2863,
materials_project,inorganic,material,magpie,59.0,2500.0,regression,random,1.0,ok,0.320025,0.320025,euclidean,,0.7957,0.969,0.1732,0.0122,
materials_project,inorganic,material,magpie,59.0,2500.0,regression,hypergraph,1.0,ok,0.232494,0.232494,euclidean,0.0505,0.6051,0.9712,0.3661,0.2261,
materials_project,inorganic,material,magpie,59.0,2500.0,regression,lowrank,1.0,ok,0.25729,0.25729,euclidean,,0.7256,0.9655,0.2399,0.2886,
materials_project,inorganic,material,mat2vec,200.0,2500.0,regression,random,1.0,ok,0.320103,0.320025,euclidean,,0.7782,0.9643,0.1861,0.0162,
materials_project,inorganic,material,mat2vec,200.0,2500.0,regression,hypergraph,1.0,ok,0.214161,0.238978,euclidean,0.0505,0.3802,0.9631,0.5829,0.1907,
materials_project,inorganic,material,mat2vec,200.0,2500.0,regression,lowrank,1.0,ok,0.220668,0.256091,euclidean,,0.3798,0.9687,0.5889,0.2938,
materials_project,inorganic,material,magpie,59.0,2500.0,regression,random,2.0,ok,0.321064,0.321064,euclidean,,0.8365,0.9716,0.1351,0.0123,
materials_project,inorganic,material,magpie,59.0,2500.0,regression,hypergraph,2.0,ok,0.280872,0.280872,euclidean,0.0499,0.0633,0.9756,0.9123,0.1983,
materials_project,inorganic,material,magpie,59.0,2500.0,regression,lowrank,2.0,ok,0.257935,0.257935,euclidean,,0.7223,0.9707,0.2484,0.2789,
materials_project,inorganic,material,mat2vec,200.0,2500.0,regression,random,2.0,ok,0.322135,0.321064,euclidean,,0.7854,0.9666,0.1812,0.0178,
materials_project,inorganic,material,mat2vec,200.0,2500.0,regression,hypergraph,2.0,ok,0.206762,0.236602,euclidean,0.0505,0.1812,0.9674,0.7863,0.1678,
materials_project,inorganic,material,mat2vec,200.0,2500.0,regression,lowrank,2.0,ok,0.221421,0.259347,euclidean,,0.4365,0.9698,0.5333,0.2203,
uspto_mcr,reaction,,,,,,-,,skipped,,,,,,,,,no raw identifiers
openpolymer26,polymer,polymer,magpie,59.0,2500.0,regression,random,0.0,ok,0.318148,0.318148,euclidean,,0.7431,0.9671,0.224,0.0047,
openpolymer26,polymer,polymer,magpie,59.0,2500.0,regression,hypergraph,0.0,ok,0.305584,0.305584,euclidean,0.0095,0.5419,0.9675,0.4256,0.1539,
openpolymer26,polymer,polymer,magpie,59.0,2500.0,regression,lowrank,0.0,ok,0.260527,0.260527,euclidean,,-0.7134,0.9632,1.6767,0.2726,
openpolymer26,polymer,polymer,mat2vec,200.0,2500.0,regression,random,0.0,ok,0.318141,0.318148,euclidean,,0.5981,0.939,0.3409,0.0178,
openpolymer26,polymer,polymer,mat2vec,200.0,2500.0,regression,hypergraph,0.0,ok,0.208758,0.219943,euclidean,0.0505,-0.6648,0.9379,1.6026,0.1863,
openpolymer26,polymer,polymer,mat2vec,200.0,2500.0,regression,lowrank,0.0,ok,0.185554,0.244473,euclidean,,0.0075,0.9273,0.9198,0.2682,
openpolymer26,polymer,polymer,magpie,59.0,2500.0,regression,random,1.0,ok,0.321038,0.321038,euclidean,,0.7641,0.963,0.1989,0.012,
openpolymer26,polymer,polymer,magpie,59.0,2500.0,regression,hypergraph,1.0,ok,0.240812,0.240812,euclidean,0.0405,-0.026,0.9637,0.9897,0.1626,
openpolymer26,polymer,polymer,magpie,59.0,2500.0,regression,lowrank,1.0,ok,0.258689,0.258689,euclidean,,0.112,0.9673,0.8554,0.2265,
openpolymer26,polymer,polymer,mat2vec,200.0,2500.0,regression,random,1.0,ok,0.321117,0.321038,euclidean,,0.6336,0.9363,0.3027,0.0175,
openpolymer26,polymer,polymer,mat2vec,200.0,2500.0,regression,hypergraph,1.0,ok,0.211353,0.224659,euclidean,0.048,-0.7629,0.938,1.7009,0.1962,
openpolymer26,polymer,polymer,mat2vec,200.0,2500.0,regression,lowrank,1.0,ok,0.184154,0.243709,euclidean,,0.412,0.9315,0.5194,0.2883,
openpolymer26,polymer,polymer,magpie,59.0,2500.0,regression,random,2.0,ok,0.321928,0.321928,euclidean,,0.8234,0.9652,0.1418,0.012,
openpolymer26,polymer,polymer,magpie,59.0,2500.0,regression,hypergraph,2.0,ok,0.29644,0.29644,euclidean,0.0235,0.4956,0.9663,0.4707,0.1358,
openpolymer26,polymer,polymer,magpie,59.0,2500.0,regression,lowrank,2.0,ok,0.260791,0.260791,euclidean,,0.291,0.9614,0.6704,0.2384,
openpolymer26,polymer,polymer,mat2vec,200.0,2500.0,regression,random,2.0,ok,0.323925,0.321928,euclidean,,0.5741,0.9373,0.3633,0.0177,
openpolymer26,polymer,polymer,mat2vec,200.0,2500.0,regression,hypergraph,2.0,ok,0.208235,0.218924,euclidean,0.05,-0.8545,0.9379,1.7924,0.1606,
openpolymer26,polymer,polymer,mat2vec,200.0,2500.0,regression,lowrank,2.0,ok,0.184662,0.243399,euclidean,,0.1727,0.9262,0.7535,0.2889,
lp_pdbbind,protein,protein,esm2,640.0,2500.0,regression,random,0.0,ok,0.321389,0.321389,euclidean,,0.2314,0.8912,0.6598,0.0243,
lp_pdbbind,protein,protein,esm2,640.0,2500.0,regression,hypergraph,0.0,ok,0.199436,0.199436,euclidean,0.019,-0.0039,0.8953,0.8992,0.1719,
lp_pdbbind,protein,protein,esm2,640.0,2500.0,regression,lowrank,0.0,ok,0.204465,0.204465,euclidean,,0.004,0.8929,0.8889,0.2133,
lp_pdbbind,protein,protein,sequence_properties,16.0,2500.0,regression,random,0.0,ok,0.320816,0.321389,euclidean,,0.2035,0.878,0.6745,0.0062,
lp_pdbbind,protein,protein,sequence_properties,16.0,2500.0,regression,hypergraph,0.0,ok,0.200583,0.236751,euclidean,0.0505,-0.1814,0.8809,1.0623,0.2358,
lp_pdbbind,protein,protein,sequence_properties,16.0,2500.0,regression,lowrank,0.0,ok,0.295779,0.299225,euclidean,,-0.0042,0.8838,0.888,0.2408,
lp_pdbbind,protein,protein,esm2,640.0,2500.0,regression,random,1.0,ok,0.319715,0.319715,euclidean,,0.2662,0.8923,0.626,0.0289,
lp_pdbbind,protein,protein,esm2,640.0,2500.0,regression,hypergraph,1.0,ok,0.200669,0.200669,euclidean,0.017,-0.0132,0.8935,0.9067,0.1648,
lp_pdbbind,protein,protein,esm2,640.0,2500.0,regression,lowrank,1.0,ok,0.203486,0.203486,euclidean,,0.0085,0.8934,0.8848,0.3112,
lp_pdbbind,protein,protein,sequence_properties,16.0,2500.0,regression,random,1.0,ok,0.317337,0.319715,euclidean,,0.2546,0.8837,0.6291,0.0112,
lp_pdbbind,protein,protein,sequence_properties,16.0,2500.0,regression,hypergraph,1.0,ok,0.196878,0.232596,euclidean,0.0505,-0.0826,0.8876,0.9702,0.2193,
lp_pdbbind,protein,protein,sequence_properties,16.0,2500.0,regression,lowrank,1.0,ok,0.279009,0.277414,euclidean,,0.0481,0.8893,0.8413,0.2367,
lp_pdbbind,protein,protein,esm2,640.0,2500.0,regression,random,2.0,ok,0.318752,0.318752,euclidean,,0.2657,0.893,0.6273,0.0301,
lp_pdbbind,protein,protein,esm2,640.0,2500.0,regression,hypergraph,2.0,ok,0.199852,0.199852,euclidean,0.018,0.031,0.8966,0.8656,0.1653,
lp_pdbbind,protein,protein,esm2,640.0,2500.0,regression,lowrank,2.0,ok,0.203934,0.203934,euclidean,,0.0202,0.8941,0.8739,0.1891,
lp_pdbbind,protein,protein,sequence_properties,16.0,2500.0,regression,random,2.0,ok,0.316472,0.318752,euclidean,,0.1771,0.8858,0.7087,0.005,
lp_pdbbind,protein,protein,sequence_properties,16.0,2500.0,regression,hypergraph,2.0,ok,0.193184,0.234158,euclidean,0.0505,-0.0844,0.8868,0.9712,0.1816,
lp_pdbbind,protein,protein,sequence_properties,16.0,2500.0,regression,lowrank,2.0,ok,0.305928,0.316253,euclidean,,-0.0948,0.8876,0.9824,0.2368,
rfam,gene,gene,canonical_kmer,42.0,2500.0,classification,random,0.0,ok,0.320978,0.320978,euclidean,,0.38,1.0,0.62,1.851,
rfam,gene,gene,canonical_kmer,42.0,2500.0,classification,hypergraph,0.0,ok,0.228251,0.228251,euclidean,0.0505,0.2857,1.0,0.7143,0.5247,
rfam,gene,gene,canonical_kmer,42.0,2500.0,classification,lowrank,0.0,ok,0.259742,0.259742,euclidean,,0.28,1.0,0.72,0.4375,
rfam,gene,gene,kmer,80.0,2500.0,classification,random,0.0,ok,0.320988,0.320978,euclidean,,0.436,1.0,0.564,0.021,
rfam,gene,gene,kmer,80.0,2500.0,classification,hypergraph,0.0,ok,0.233254,0.232727,euclidean,0.0505,0.2607,1.0,0.7393,0.2878,
rfam,gene,gene,kmer,80.0,2500.0,classification,lowrank,0.0,ok,0.265543,0.260091,euclidean,,0.3179,1.0,0.6821,0.4466,
rfam,gene,gene,nucleotide_composition,11.0,2500.0,classification,random,0.0,ok,0.319587,0.320978,euclidean,,0.406,1.0,0.594,0.0183,
rfam,gene,gene,nucleotide_composition,11.0,2500.0,classification,hypergraph,0.0,ok,0.222655,0.270749,euclidean,0.0505,0.213,1.0,0.787,0.2128,
rfam,gene,gene,nucleotide_composition,11.0,2500.0,classification,lowrank,0.0,ok,0.272738,0.327716,euclidean,,0.2189,1.0,0.7811,0.6433,
rfam,gene,gene,canonical_kmer,42.0,2500.0,classification,random,1.0,ok,0.320703,0.320703,euclidean,,0.396,1.0,0.604,0.0176,
rfam,gene,gene,canonical_kmer,42.0,2500.0,classification,hypergraph,1.0,ok,0.228467,0.228467,euclidean,0.0505,0.2832,1.0,0.7168,0.2701,
rfam,gene,gene,canonical_kmer,42.0,2500.0,classification,lowrank,1.0,ok,0.260464,0.260464,euclidean,,0.3179,1.0,0.6821,0.435,
rfam,gene,gene,kmer,80.0,2500.0,classification,random,1.0,ok,0.320932,0.320703,euclidean,,0.478,1.0,0.522,0.0408,
rfam,gene,gene,kmer,80.0,2500.0,classification,hypergraph,1.0,ok,0.235632,0.236469,euclidean,0.0505,0.3108,1.0,0.6892,0.2945,
rfam,gene,gene,kmer,80.0,2500.0,classification,lowrank,1.0,ok,0.266338,0.260796,euclidean,,0.3326,1.0,0.6674,0.4507,
rfam,gene,gene,nucleotide_composition,11.0,2500.0,classification,random,1.0,ok,0.318317,0.320703,euclidean,,0.406,1.0,0.594,0.0245,
rfam,gene,gene,nucleotide_composition,11.0,2500.0,classification,hypergraph,1.0,ok,0.214123,0.256085,euclidean,0.05,0.3325,1.0,0.6675,0.2114,
rfam,gene,gene,nucleotide_composition,11.0,2500.0,classification,lowrank,1.0,ok,0.272321,0.326738,euclidean,,0.2211,1.0,0.7789,0.5407,
rfam,gene,gene,canonical_kmer,42.0,2500.0,classification,random,2.0,ok,0.320889,0.320889,euclidean,,0.382,1.0,0.618,0.0217,
rfam,gene,gene,canonical_kmer,42.0,2500.0,classification,hypergraph,2.0,ok,0.227267,0.227267,euclidean,0.0505,0.2732,1.0,0.7268,0.3044,
rfam,gene,gene,canonical_kmer,42.0,2500.0,classification,lowrank,2.0,ok,0.26012,0.26012,euclidean,,0.2821,1.0,0.7179,0.4294,
rfam,gene,gene,kmer,80.0,2500.0,classification,random,2.0,ok,0.321007,0.320889,euclidean,,0.482,1.0,0.518,0.03,
rfam,gene,gene,kmer,80.0,2500.0,classification,hypergraph,2.0,ok,0.236697,0.237853,euclidean,0.0505,0.3033,1.0,0.6967,0.3064,
rfam,gene,gene,kmer,80.0,2500.0,classification,lowrank,2.0,ok,0.265369,0.259714,euclidean,,0.3347,1.0,0.6653,0.4369,
rfam,gene,gene,nucleotide_composition,11.0,2500.0,classification,random,2.0,ok,0.321784,0.320889,euclidean,,0.446,1.0,0.554,0.016,
rfam,gene,gene,nucleotide_composition,11.0,2500.0,classification,hypergraph,2.0,ok,0.232014,0.285204,euclidean,0.0505,0.3133,1.0,0.6867,0.2077,
rfam,gene,gene,nucleotide_composition,11.0,2500.0,classification,lowrank,2.0,ok,0.271106,0.32619,euclidean,,0.1979,1.0,0.8021,0.6274,
