dataset,category,task_type,kind,n,method,seed,status,leakage,imbalance,test_fraction,runtime_s,model,metric_name,train_metric,test_metric,gen_gap,n_train_lab,n_test_lab,extra,reason
tdc_Lipophilicity_AstraZeneca,organic,,1d,4200.0,random,0.0,ok,0.319108,,0.2,2.2309,,,,,,,,,
tdc_Lipophilicity_AstraZeneca,organic,,1d,4200.0,random,1.0,ok,0.320823,,0.2,0.0562,,,,,,,,,
tdc_Lipophilicity_AstraZeneca,organic,,1d,4200.0,random,2.0,ok,0.320713,,0.2,0.0526,,,,,,,,,
tdc_Lipophilicity_AstraZeneca,organic,,1d,4200.0,hypergraph,0.0,ok,0.251187,0.0503,0.1598,1.3768,,,,,,,,km1=159289;n_hyperedges=4200,
tdc_Lipophilicity_AstraZeneca,organic,,1d,4200.0,hypergraph,1.0,ok,0.251187,0.0503,0.1598,1.3768,,,,,,,,km1=159289;n_hyperedges=4200,
tdc_Lipophilicity_AstraZeneca,organic,,1d,4200.0,hypergraph,2.0,ok,0.251187,0.0503,0.1598,1.3768,,,,,,,,km1=159289;n_hyperedges=4200,
tdc_Lipophilicity_AstraZeneca,organic,,1d,4200.0,graph,0.0,ok,0.257195,0.0503,0.1598,0.3976,,,,,,,,cut=390781;fm_moves=0,
tdc_Lipophilicity_AstraZeneca,organic,,1d,4200.0,graph,1.0,ok,0.257195,0.0503,0.1598,0.3976,,,,,,,,cut=390781;fm_moves=0,
tdc_Lipophilicity_AstraZeneca,organic,,1d,4200.0,graph,2.0,ok,0.257195,0.0503,0.1598,0.3976,,,,,,,,cut=390781;fm_moves=0,
tdc_Lipophilicity_AstraZeneca,organic,,1d,4200.0,lowrank,0.0,ok,0.245352,,0.19,0.4136,,,,,,,,rank=256;fm_moves=42,
tdc_Lipophilicity_AstraZeneca,organic,,1d,4200.0,lowrank,1.0,ok,0.245368,,0.19,0.2768,,,,,,,,rank=256;fm_moves=42,
tdc_Lipophilicity_AstraZeneca,organic,,1d,4200.0,lowrank,2.0,ok,0.245422,,0.19,0.2338,,,,,,,,rank=256;fm_moves=42,
tdc_Lipophilicity_AstraZeneca,organic,,1d,4200.0,datasail,0.0,skipped,,,,,,,,,,,,,n=4200 > DATASAIL_MAX_N=3000 (ILP too slow)
tdc_Lipophilicity_AstraZeneca,organic,,1d,4200.0,scaffold,0.0,ok,,,0.2,2.6778,,,,,,,,n_scaffolds=1518,
tdc_Lipophilicity_AstraZeneca,organic,,1d,4200.0,scaffold,1.0,ok,,,0.2,2.6778,,,,,,,,n_scaffolds=1518,
tdc_Lipophilicity_AstraZeneca,organic,,1d,4200.0,scaffold,2.0,ok,,,0.2,2.6778,,,,,,,,n_scaffolds=1518,
tdc_Lipophilicity_AstraZeneca,organic,,1d,4200.0,astartes,0.0,ok,0.324259,,0.1998,2.8883,,,,,,,,,
tdc_Lipophilicity_AstraZeneca,organic,,1d,4200.0,astartes,1.0,ok,0.324259,,0.1998,2.8883,,,,,,,,,
tdc_Lipophilicity_AstraZeneca,organic,,1d,4200.0,astartes,2.0,ok,0.324259,,0.1998,2.8883,,,,,,,,,
tdc_Lipophilicity_AstraZeneca,organic,,1d,4200.0,lohi,0.0,skipped,,,,,,,,,,,,,n=4200 > DATASAIL_MAX_N=3000 (ILP too slow)
tdc_Solubility_AqSolDB,organic,,1d,9980.0,random,0.0,ok,0.320505,,0.2,0.192,,,,,,,,,
tdc_Solubility_AqSolDB,organic,,1d,9980.0,random,1.0,ok,0.320048,,0.2,0.1772,,,,,,,,,
tdc_Solubility_AqSolDB,organic,,1d,9980.0,random,2.0,ok,0.316674,,0.2,0.188,,,,,,,,,
tdc_Solubility_AqSolDB,organic,,1d,9980.0,hypergraph,0.0,ok,0.213578,0.0502,0.1598,0.7086,,,,,,,,km1=405762;n_hyperedges=9980,
tdc_Solubility_AqSolDB,organic,,1d,9980.0,hypergraph,1.0,ok,0.213578,0.0502,0.1598,0.7086,,,,,,,,km1=405762;n_hyperedges=9980,
tdc_Solubility_AqSolDB,organic,,1d,9980.0,hypergraph,2.0,ok,0.213578,0.0502,0.1598,0.7086,,,,,,,,km1=405762;n_hyperedges=9980,
tdc_Solubility_AqSolDB,organic,,1d,9980.0,graph,0.0,ok,0.20011,0.0502,0.1598,0.4372,,,,,,,,cut=821291;fm_moves=0,
tdc_Solubility_AqSolDB,organic,,1d,9980.0,graph,1.0,ok,0.20011,0.0502,0.1598,0.4372,,,,,,,,cut=821291;fm_moves=0,
tdc_Solubility_AqSolDB,organic,,1d,9980.0,graph,2.0,ok,0.20011,0.0502,0.1598,0.4372,,,,,,,,cut=821291;fm_moves=0,
tdc_Solubility_AqSolDB,organic,,1d,9980.0,lowrank,0.0,ok,0.158573,,0.19,0.3996,,,,,,,,rank=256;fm_moves=100,
tdc_Solubility_AqSolDB,organic,,1d,9980.0,lowrank,1.0,ok,0.158601,,0.19,0.4329,,,,,,,,rank=256;fm_moves=100,
tdc_Solubility_AqSolDB,organic,,1d,9980.0,lowrank,2.0,ok,0.158603,,0.19,0.4272,,,,,,,,rank=256;fm_moves=100,
tdc_Solubility_AqSolDB,organic,,1d,9980.0,datasail,0.0,skipped,,,,,,,,,,,,,n=9980 > DATASAIL_MAX_N=3000 (ILP too slow)
tdc_Solubility_AqSolDB,organic,,1d,9980.0,scaffold,0.0,ok,,,0.2,3.2656,,,,,,,,n_scaffolds=1117,
tdc_Solubility_AqSolDB,organic,,1d,9980.0,scaffold,1.0,ok,,,0.2,3.2656,,,,,,,,n_scaffolds=1117,
tdc_Solubility_AqSolDB,organic,,1d,9980.0,scaffold,2.0,ok,,,0.2,3.2656,,,,,,,,n_scaffolds=1117,
tdc_Solubility_AqSolDB,organic,,1d,9980.0,astartes,0.0,ok,0.330391,,0.1999,7.9358,,,,,,,,,
tdc_Solubility_AqSolDB,organic,,1d,9980.0,astartes,1.0,ok,0.330391,,0.1999,7.9358,,,,,,,,,
tdc_Solubility_AqSolDB,organic,,1d,9980.0,astartes,2.0,ok,0.330391,,0.1999,7.9358,,,,,,,,,
tdc_Solubility_AqSolDB,organic,,1d,9980.0,lohi,0.0,skipped,,,,,,,,,,,,,n=9980 > DATASAIL_MAX_N=3000 (ILP too slow)
tdc_BBB_Martins,organic,,1d,2030.0,random,0.0,ok,0.32144,,0.2,0.019,,,,,,,,,
tdc_BBB_Martins,organic,,1d,2030.0,random,1.0,ok,0.319913,,0.2,0.0181,,,,,,,,,
tdc_BBB_Martins,organic,,1d,2030.0,random,2.0,ok,0.324604,,0.2,0.0182,,,,,,,,,
tdc_BBB_Martins,organic,,1d,2030.0,hypergraph,0.0,ok,0.233759,0.0511,0.1591,0.1473,,,,,,,,km1=40435;n_hyperedges=2030,
tdc_BBB_Martins,organic,,1d,2030.0,hypergraph,1.0,ok,0.233759,0.0511,0.1591,0.1473,,,,,,,,km1=40435;n_hyperedges=2030,
tdc_BBB_Martins,organic,,1d,2030.0,hypergraph,2.0,ok,0.233759,0.0511,0.1591,0.1473,,,,,,,,km1=40435;n_hyperedges=2030,
tdc_BBB_Martins,organic,,1d,2030.0,graph,0.0,ok,0.229579,0.0511,0.1591,0.0744,,,,,,,,cut=92507;fm_moves=0,
tdc_BBB_Martins,organic,,1d,2030.0,graph,1.0,ok,0.229579,0.0511,0.1591,0.0744,,,,,,,,cut=92507;fm_moves=0,
tdc_BBB_Martins,organic,,1d,2030.0,graph,2.0,ok,0.229579,0.0511,0.1591,0.0744,,,,,,,,cut=92507;fm_moves=0,
tdc_BBB_Martins,organic,,1d,2030.0,lowrank,0.0,ok,0.214255,,0.1897,0.1906,,,,,,,,rank=256;fm_moves=21,
tdc_BBB_Martins,organic,,1d,2030.0,lowrank,1.0,ok,0.214243,,0.1897,0.2016,,,,,,,,rank=256;fm_moves=21,
tdc_BBB_Martins,organic,,1d,2030.0,lowrank,2.0,ok,0.214245,,0.1897,0.1985,,,,,,,,rank=256;fm_moves=21,
tdc_BBB_Martins,organic,,1d,2030.0,datasail,0.0,ok,0.259551,,0.1798,137.9366,,,,,,,,technique=C1e,
tdc_BBB_Martins,organic,,1d,2030.0,datasail,1.0,ok,0.259551,,0.1798,137.9366,,,,,,,,technique=C1e,
tdc_BBB_Martins,organic,,1d,2030.0,datasail,2.0,ok,0.259551,,0.1798,137.9366,,,,,,,,technique=C1e,
tdc_BBB_Martins,organic,,1d,2030.0,scaffold,0.0,ok,,,0.2,1.0584,,,,,,,,n_scaffolds=694,
tdc_BBB_Martins,organic,,1d,2030.0,scaffold,1.0,ok,,,0.2,1.0584,,,,,,,,n_scaffolds=694,
tdc_BBB_Martins,organic,,1d,2030.0,scaffold,2.0,ok,,,0.2,1.0584,,,,,,,,n_scaffolds=694,
tdc_BBB_Martins,organic,,1d,2030.0,astartes,0.0,ok,0.326207,,0.1995,0.6313,,,,,,,,,
tdc_BBB_Martins,organic,,1d,2030.0,astartes,1.0,ok,0.326207,,0.1995,0.6313,,,,,,,,,
tdc_BBB_Martins,organic,,1d,2030.0,astartes,2.0,ok,0.326207,,0.1995,0.6313,,,,,,,,,
tdc_BBB_Martins,organic,,1d,2030.0,lohi,0.0,ok,0.225721,,0.1386,6.7821,,,,,,,,,
tdc_BBB_Martins,organic,,1d,2030.0,lohi,1.0,ok,0.225721,,0.1386,6.7821,,,,,,,,,
tdc_BBB_Martins,organic,,1d,2030.0,lohi,2.0,ok,0.225721,,0.1386,6.7821,,,,,,,,,
moleculenet_bace,organic,classification,1d,1513.0,random,0.0,ok,0.3182,,0.2003,0.0227,rf_classifier,roc_auc,1.0,0.8835,0.1165,1210.0,303.0,,
moleculenet_bace,organic,classification,1d,1513.0,random,1.0,ok,0.319962,,0.2003,0.0158,rf_classifier,roc_auc,1.0,0.8558,0.1442,1210.0,303.0,,
moleculenet_bace,organic,classification,1d,1513.0,random,2.0,ok,0.319104,,0.2003,0.0155,rf_classifier,roc_auc,1.0,0.8733,0.1267,1210.0,303.0,,
moleculenet_bace,organic,classification,1d,1513.0,hypergraph,0.0,ok,0.249542,0.0512,0.1593,0.1469,rf_classifier,roc_auc,1.0,0.8548,0.1452,1272.0,241.0,km1=3393;n_hyperedges=1513,
moleculenet_bace,organic,classification,1d,1513.0,hypergraph,1.0,ok,0.249542,0.0512,0.1593,0.1469,rf_classifier,roc_auc,1.0,0.8262,0.1738,1272.0,241.0,km1=3393;n_hyperedges=1513,
moleculenet_bace,organic,classification,1d,1513.0,hypergraph,2.0,ok,0.249542,0.0512,0.1593,0.1469,rf_classifier,roc_auc,1.0,0.818,0.182,1272.0,241.0,km1=3393;n_hyperedges=1513,
moleculenet_bace,organic,classification,1d,1513.0,graph,0.0,ok,0.275341,0.0165,0.187,0.0769,rf_classifier,roc_auc,1.0,0.7134,0.2866,1230.0,283.0,cut=11858;fm_moves=0,
moleculenet_bace,organic,classification,1d,1513.0,graph,1.0,ok,0.275341,0.0165,0.187,0.0769,rf_classifier,roc_auc,1.0,0.7094,0.2906,1230.0,283.0,cut=11858;fm_moves=0,
moleculenet_bace,organic,classification,1d,1513.0,graph,2.0,ok,0.275341,0.0165,0.187,0.0769,rf_classifier,roc_auc,1.0,0.7085,0.2915,1230.0,283.0,cut=11858;fm_moves=0,
moleculenet_bace,organic,classification,1d,1513.0,lowrank,0.0,ok,0.257059,,0.1897,0.2299,rf_classifier,roc_auc,1.0,0.766,0.234,1226.0,287.0,rank=256;fm_moves=16,
moleculenet_bace,organic,classification,1d,1513.0,lowrank,1.0,ok,0.257036,,0.1897,0.2621,rf_classifier,roc_auc,1.0,0.7584,0.2416,1226.0,287.0,rank=256;fm_moves=16,
moleculenet_bace,organic,classification,1d,1513.0,lowrank,2.0,ok,0.256808,,0.1897,0.2867,rf_classifier,roc_auc,1.0,0.7736,0.2264,1226.0,287.0,rank=256;fm_moves=16,
moleculenet_bace,organic,classification,1d,1513.0,datasail,0.0,ok,0.248064,,0.1798,126.6864,rf_classifier,roc_auc,1.0,0.6148,0.3852,1241.0,272.0,technique=C1e,
moleculenet_bace,organic,classification,1d,1513.0,datasail,1.0,ok,0.248064,,0.1798,126.6864,rf_classifier,roc_auc,1.0,0.6181,0.3819,1241.0,272.0,technique=C1e,
moleculenet_bace,organic,classification,1d,1513.0,datasail,2.0,ok,0.248064,,0.1798,126.6864,rf_classifier,roc_auc,1.0,0.6879,0.3121,1241.0,272.0,technique=C1e,
moleculenet_bace,organic,classification,1d,1513.0,scaffold,0.0,ok,,,0.2003,1.1726,rf_classifier,roc_auc,1.0,0.7809,0.2191,1210.0,303.0,n_scaffolds=377,
moleculenet_bace,organic,classification,1d,1513.0,scaffold,1.0,ok,,,0.2003,1.1726,rf_classifier,roc_auc,1.0,0.7904,0.2096,1210.0,303.0,n_scaffolds=377,
moleculenet_bace,organic,classification,1d,1513.0,scaffold,2.0,ok,,,0.2003,1.1726,rf_classifier,roc_auc,1.0,0.8137,0.1863,1210.0,303.0,n_scaffolds=377,
moleculenet_bace,organic,classification,1d,1513.0,astartes,0.0,ok,0.31987,,0.1996,0.3792,rf_classifier,roc_auc,1.0,0.8524,0.1476,1211.0,302.0,,
moleculenet_bace,organic,classification,1d,1513.0,astartes,1.0,ok,0.31987,,0.1996,0.3792,rf_classifier,roc_auc,1.0,0.8527,0.1473,1211.0,302.0,,
moleculenet_bace,organic,classification,1d,1513.0,astartes,2.0,ok,0.31987,,0.1996,0.3792,rf_classifier,roc_auc,1.0,0.8358,0.1642,1211.0,302.0,,
moleculenet_bace,organic,classification,1d,1513.0,lohi,0.0,ok,0.367528,,0.4191,36.8003,rf_classifier,roc_auc,1.0,0.4386,0.5614,865.0,624.0,,
moleculenet_bace,organic,classification,1d,1513.0,lohi,1.0,ok,0.367528,,0.4191,36.8003,rf_classifier,roc_auc,1.0,0.4636,0.5364,865.0,624.0,,
moleculenet_bace,organic,classification,1d,1513.0,lohi,2.0,ok,0.367528,,0.4191,36.8003,rf_classifier,roc_auc,1.0,0.4031,0.5969,865.0,624.0,,
moleculenet_bbbp,organic,classification,1d,2039.0,random,0.0,ok,0.324346,,0.2001,0.0158,rf_classifier,roc_auc,0.9999,0.9234,0.0765,1631.0,408.0,,
moleculenet_bbbp,organic,classification,1d,2039.0,random,1.0,ok,0.317074,,0.2001,0.0179,rf_classifier,roc_auc,0.9999,0.9002,0.0997,1631.0,408.0,,
moleculenet_bbbp,organic,classification,1d,2039.0,random,2.0,ok,0.319041,,0.2001,0.0323,rf_classifier,roc_auc,0.9999,0.914,0.0859,1631.0,408.0,,
moleculenet_bbbp,organic,classification,1d,2039.0,hypergraph,0.0,ok,0.244069,0.0509,0.1594,0.1722,rf_classifier,roc_auc,0.9998,0.6203,0.3795,1714.0,325.0,km1=40305;n_hyperedges=2039,
moleculenet_bbbp,organic,classification,1d,2039.0,hypergraph,1.0,ok,0.244069,0.0509,0.1594,0.1722,rf_classifier,roc_auc,0.9998,0.6146,0.3852,1714.0,325.0,km1=40305;n_hyperedges=2039,
moleculenet_bbbp,organic,classification,1d,2039.0,hypergraph,2.0,ok,0.244069,0.0509,0.1594,0.1722,rf_classifier,roc_auc,0.9998,0.6036,0.3962,1714.0,325.0,km1=40305;n_hyperedges=2039,
moleculenet_bbbp,organic,classification,1d,2039.0,graph,0.0,ok,0.272482,0.0147,0.1883,0.0944,rf_classifier,roc_auc,0.9998,0.5736,0.4262,1655.0,384.0,cut=81098;fm_moves=0,
moleculenet_bbbp,organic,classification,1d,2039.0,graph,1.0,ok,0.272482,0.0147,0.1883,0.0944,rf_classifier,roc_auc,0.9998,0.5515,0.4483,1655.0,384.0,cut=81098;fm_moves=0,
moleculenet_bbbp,organic,classification,1d,2039.0,graph,2.0,ok,0.272482,0.0147,0.1883,0.0944,rf_classifier,roc_auc,0.9998,0.5857,0.4141,1655.0,384.0,cut=81098;fm_moves=0,
moleculenet_bbbp,organic,classification,1d,2039.0,lowrank,0.0,ok,0.214568,,0.1898,0.3394,rf_classifier,roc_auc,0.9999,0.8051,0.1947,1652.0,387.0,rank=256;fm_moves=21,
moleculenet_bbbp,organic,classification,1d,2039.0,lowrank,1.0,ok,0.214538,,0.1898,0.3992,rf_classifier,roc_auc,0.9998,0.7922,0.2076,1652.0,387.0,rank=256;fm_moves=21,
moleculenet_bbbp,organic,classification,1d,2039.0,lowrank,2.0,ok,0.214535,,0.1898,0.3594,rf_classifier,roc_auc,0.9998,0.8079,0.1919,1652.0,387.0,rank=256;fm_moves=21,
moleculenet_bbbp,organic,classification,1d,2039.0,datasail,0.0,ok,0.241298,,0.18,137.1707,rf_classifier,roc_auc,0.9998,0.8223,0.1775,1672.0,367.0,technique=C1e,
moleculenet_bbbp,organic,classification,1d,2039.0,datasail,1.0,ok,0.241298,,0.18,137.1707,rf_classifier,roc_auc,0.9998,0.8124,0.1873,1672.0,367.0,technique=C1e,
moleculenet_bbbp,organic,classification,1d,2039.0,datasail,2.0,ok,0.241298,,0.18,137.1707,rf_classifier,roc_auc,0.9998,0.8227,0.1771,1672.0,367.0,technique=C1e,
moleculenet_bbbp,organic,classification,1d,2039.0,scaffold,0.0,ok,,,0.2001,1.2008,rf_classifier,roc_auc,0.9999,0.8998,0.1002,1631.0,408.0,n_scaffolds=694,
moleculenet_bbbp,organic,classification,1d,2039.0,scaffold,1.0,ok,,,0.2001,1.2008,rf_classifier,roc_auc,0.9999,0.8996,0.1003,1631.0,408.0,n_scaffolds=694,
moleculenet_bbbp,organic,classification,1d,2039.0,scaffold,2.0,ok,,,0.2001,1.2008,rf_classifier,roc_auc,0.9999,0.9005,0.0994,1631.0,408.0,n_scaffolds=694,
moleculenet_bbbp,organic,classification,1d,2039.0,astartes,0.0,ok,0.309541,,0.1996,0.9306,rf_classifier,roc_auc,0.9998,0.7487,0.2512,1632.0,407.0,,
moleculenet_bbbp,organic,classification,1d,2039.0,astartes,1.0,ok,0.309541,,0.1996,0.9306,rf_classifier,roc_auc,0.9998,0.7231,0.2767,1632.0,407.0,,
moleculenet_bbbp,organic,classification,1d,2039.0,astartes,2.0,ok,0.309541,,0.1996,0.9306,rf_classifier,roc_auc,0.9998,0.7608,0.2391,1632.0,407.0,,
moleculenet_bbbp,organic,classification,1d,2039.0,lohi,0.0,ok,0.21414,,0.122,4.3529,rf_classifier,roc_auc,0.9998,0.8097,0.1902,1784.0,248.0,,
moleculenet_bbbp,organic,classification,1d,2039.0,lohi,1.0,ok,0.21414,,0.122,4.3529,rf_classifier,roc_auc,0.9998,0.8303,0.1695,1784.0,248.0,,
moleculenet_bbbp,organic,classification,1d,2039.0,lohi,2.0,ok,0.21414,,0.122,4.3529,rf_classifier,roc_auc,0.9998,0.7922,0.2077,1784.0,248.0,,
moleculenet_esol,organic,regression,1d,1128.0,random,0.0,ok,0.322965,,0.2004,0.0119,rf_regressor,r2,0.9448,0.6638,0.281,902.0,226.0,,
moleculenet_esol,organic,regression,1d,1128.0,random,1.0,ok,0.321967,,0.2004,0.0148,rf_regressor,r2,0.9492,0.7011,0.2481,902.0,226.0,,
moleculenet_esol,organic,regression,1d,1128.0,random,2.0,ok,0.321832,,0.2004,0.0142,rf_regressor,r2,0.9404,0.6588,0.2815,902.0,226.0,,
moleculenet_esol,organic,regression,1d,1128.0,hypergraph,0.0,ok,0.187588,0.0521,0.1587,0.1275,rf_regressor,r2,0.9467,-0.0632,1.0099,949.0,179.0,km1=34368;n_hyperedges=1128,
moleculenet_esol,organic,regression,1d,1128.0,hypergraph,1.0,ok,0.187588,0.0521,0.1587,0.1275,rf_regressor,r2,0.9479,-0.0214,0.9694,949.0,179.0,km1=34368;n_hyperedges=1128,
moleculenet_esol,organic,regression,1d,1128.0,hypergraph,2.0,ok,0.187588,0.0521,0.1587,0.1275,rf_regressor,r2,0.9468,-0.0375,0.9843,949.0,179.0,km1=34368;n_hyperedges=1128,
moleculenet_esol,organic,regression,1d,1128.0,graph,0.0,ok,0.164375,0.0078,0.1897,0.0714,rf_regressor,r2,0.9553,0.2943,0.6611,914.0,214.0,cut=87660;fm_moves=5,
moleculenet_esol,organic,regression,1d,1128.0,graph,1.0,ok,0.164375,0.0078,0.1897,0.0714,rf_regressor,r2,0.9543,0.3444,0.6099,914.0,214.0,cut=87660;fm_moves=5,
moleculenet_esol,organic,regression,1d,1128.0,graph,2.0,ok,0.164375,0.0078,0.1897,0.0714,rf_regressor,r2,0.954,0.2874,0.6667,914.0,214.0,cut=87660;fm_moves=5,
moleculenet_esol,organic,regression,1d,1128.0,lowrank,0.0,ok,0.15977,,0.1897,0.1742,rf_regressor,r2,0.9563,0.0863,0.87,914.0,214.0,rank=256;fm_moves=12,
moleculenet_esol,organic,regression,1d,1128.0,lowrank,1.0,ok,0.160372,,0.1897,0.215,rf_regressor,r2,0.9424,0.2329,0.7095,914.0,214.0,rank=256;fm_moves=12,
moleculenet_esol,organic,regression,1d,1128.0,lowrank,2.0,ok,0.159734,,0.1897,0.214,rf_regressor,r2,0.9556,0.1132,0.8424,914.0,214.0,rank=256;fm_moves=12,
moleculenet_esol,organic,regression,1d,1128.0,datasail,0.0,ok,0.173783,,0.18,14.96,rf_regressor,r2,0.9423,0.1833,0.7589,925.0,203.0,technique=C1e,
moleculenet_esol,organic,regression,1d,1128.0,datasail,1.0,ok,0.173783,,0.18,14.96,rf_regressor,r2,0.9433,0.2212,0.7221,925.0,203.0,technique=C1e,
moleculenet_esol,organic,regression,1d,1128.0,datasail,2.0,ok,0.173783,,0.18,14.96,rf_regressor,r2,0.9418,0.2193,0.7225,925.0,203.0,technique=C1e,
moleculenet_esol,organic,regression,1d,1128.0,scaffold,0.0,ok,,,0.2004,0.4599,rf_regressor,r2,0.9406,0.3022,0.6384,902.0,226.0,n_scaffolds=167,
moleculenet_esol,organic,regression,1d,1128.0,scaffold,1.0,ok,,,0.2004,0.4599,rf_regressor,r2,0.9403,0.2637,0.6766,902.0,226.0,n_scaffolds=167,
moleculenet_esol,organic,regression,1d,1128.0,scaffold,2.0,ok,,,0.2004,0.4599,rf_regressor,r2,0.9409,0.3173,0.6235,902.0,226.0,n_scaffolds=167,
moleculenet_esol,organic,regression,1d,1128.0,astartes,0.0,ok,0.323432,,0.1995,0.2988,rf_regressor,r2,0.9474,0.1914,0.756,903.0,225.0,,
moleculenet_esol,organic,regression,1d,1128.0,astartes,1.0,ok,0.323432,,0.1995,0.2988,rf_regressor,r2,0.9501,0.1594,0.7908,903.0,225.0,,
moleculenet_esol,organic,regression,1d,1128.0,astartes,2.0,ok,0.323432,,0.1995,0.2988,rf_regressor,r2,0.9483,0.2136,0.7347,903.0,225.0,,
moleculenet_esol,organic,regression,1d,1128.0,lohi,0.0,ok,0.210513,,0.1225,7.6535,rf_regressor,r2,0.9458,0.0913,0.8544,981.0,137.0,,
moleculenet_esol,organic,regression,1d,1128.0,lohi,1.0,ok,0.210513,,0.1225,7.6535,rf_regressor,r2,0.9458,0.1158,0.83,981.0,137.0,,
moleculenet_esol,organic,regression,1d,1128.0,lohi,2.0,ok,0.210513,,0.1225,7.6535,rf_regressor,r2,0.9452,0.1547,0.7904,981.0,137.0,,
moleculenet_freesolv,organic,regression,1d,642.0,random,0.0,ok,0.32131,,0.1994,0.0057,rf_regressor,r2,0.9589,0.5861,0.3728,514.0,128.0,,
moleculenet_freesolv,organic,regression,1d,642.0,random,1.0,ok,0.317369,,0.1994,0.0115,rf_regressor,r2,0.9585,0.6914,0.2671,514.0,128.0,,
moleculenet_freesolv,organic,regression,1d,642.0,random,2.0,ok,0.322942,,0.1994,0.0067,rf_regressor,r2,0.957,0.7167,0.2403,514.0,128.0,,
moleculenet_freesolv,organic,regression,1d,642.0,hypergraph,0.0,ok,0.141363,0.0525,0.1573,0.0905,rf_regressor,r2,0.9573,0.1048,0.8525,541.0,101.0,km1=28413;n_hyperedges=642,
moleculenet_freesolv,organic,regression,1d,642.0,hypergraph,1.0,ok,0.141363,0.0525,0.1573,0.0905,rf_regressor,r2,0.9572,0.128,0.8292,541.0,101.0,km1=28413;n_hyperedges=642,
moleculenet_freesolv,organic,regression,1d,642.0,hypergraph,2.0,ok,0.141363,0.0525,0.1573,0.0905,rf_regressor,r2,0.9589,0.0514,0.9076,541.0,101.0,km1=28413;n_hyperedges=642,
moleculenet_freesolv,organic,regression,1d,642.0,graph,0.0,ok,0.22856,0.0292,0.176,0.0537,rf_regressor,r2,0.9626,0.0672,0.8954,529.0,113.0,cut=87578;fm_moves=0,
moleculenet_freesolv,organic,regression,1d,642.0,graph,1.0,ok,0.22856,0.0292,0.176,0.0537,rf_regressor,r2,0.9557,0.0613,0.8944,529.0,113.0,cut=87578;fm_moves=0,
moleculenet_freesolv,organic,regression,1d,642.0,graph,2.0,ok,0.22856,0.0292,0.176,0.0537,rf_regressor,r2,0.9638,0.1011,0.8628,529.0,113.0,cut=87578;fm_moves=0,
moleculenet_freesolv,organic,regression,1d,642.0,lowrank,0.0,ok,0.127414,,0.1885,0.2072,rf_regressor,r2,0.9659,0.225,0.7408,521.0,121.0,rank=256;fm_moves=7,
moleculenet_freesolv,organic,regression,1d,642.0,lowrank,1.0,ok,0.127396,,0.1885,0.2221,rf_regressor,r2,0.9646,0.2803,0.6843,521.0,121.0,rank=256;fm_moves=7,
moleculenet_freesolv,organic,regression,1d,642.0,lowrank,2.0,ok,0.12738,,0.1885,0.1719,rf_regressor,r2,0.9648,0.2561,0.7087,521.0,121.0,rank=256;fm_moves=7,
moleculenet_freesolv,organic,regression,1d,642.0,datasail,0.0,ok,0.145011,,0.1791,2.051,rf_regressor,r2,0.9636,0.2539,0.7096,527.0,115.0,technique=C1e,
moleculenet_freesolv,organic,regression,1d,642.0,datasail,1.0,ok,0.145011,,0.1791,2.051,rf_regressor,r2,0.9593,0.2669,0.6924,527.0,115.0,technique=C1e,
moleculenet_freesolv,organic,regression,1d,642.0,datasail,2.0,ok,0.145011,,0.1791,2.051,rf_regressor,r2,0.9629,0.238,0.7249,527.0,115.0,technique=C1e,
moleculenet_freesolv,organic,regression,1d,642.0,scaffold,0.0,ok,,,0.1807,0.1599,rf_regressor,r2,0.9554,0.1155,0.8399,526.0,116.0,n_scaffolds=32,
moleculenet_freesolv,organic,regression,1d,642.0,scaffold,1.0,ok,,,0.1807,0.1599,rf_regressor,r2,0.953,0.0981,0.8549,526.0,116.0,n_scaffolds=32,
moleculenet_freesolv,organic,regression,1d,642.0,scaffold,2.0,ok,,,0.1807,0.1599,rf_regressor,r2,0.95,0.1054,0.8446,526.0,116.0,n_scaffolds=32,
moleculenet_freesolv,organic,regression,1d,642.0,astartes,0.0,ok,0.218281,,0.1994,0.1171,rf_regressor,r2,0.9642,0.2595,0.7047,514.0,128.0,,
moleculenet_freesolv,organic,regression,1d,642.0,astartes,1.0,ok,0.218281,,0.1994,0.1171,rf_regressor,r2,0.9623,0.3017,0.6606,514.0,128.0,,
moleculenet_freesolv,organic,regression,1d,642.0,astartes,2.0,ok,0.218281,,0.1994,0.1171,rf_regressor,r2,0.9627,0.289,0.6737,514.0,128.0,,
moleculenet_freesolv,organic,regression,1d,642.0,lohi,0.0,ok,0.182614,,0.122,2.9467,rf_regressor,r2,0.9611,0.6096,0.3515,554.0,77.0,,
moleculenet_freesolv,organic,regression,1d,642.0,lohi,1.0,ok,0.182614,,0.122,2.9467,rf_regressor,r2,0.9573,0.6092,0.3482,554.0,77.0,,
moleculenet_freesolv,organic,regression,1d,642.0,lohi,2.0,ok,0.182614,,0.122,2.9467,rf_regressor,r2,0.9583,0.6095,0.3488,554.0,77.0,,
moleculenet_lipophilicity,organic,regression,1d,4200.0,random,0.0,ok,0.319108,,0.2,0.0417,rf_regressor,r2,0.9283,0.501,0.4273,3360.0,840.0,,
moleculenet_lipophilicity,organic,regression,1d,4200.0,random,1.0,ok,0.320823,,0.2,0.0432,rf_regressor,r2,0.9281,0.4801,0.448,3360.0,840.0,,
moleculenet_lipophilicity,organic,regression,1d,4200.0,random,2.0,ok,0.320713,,0.2,0.0803,rf_regressor,r2,0.9257,0.4866,0.4391,3360.0,840.0,,
moleculenet_lipophilicity,organic,regression,1d,4200.0,hypergraph,0.0,ok,0.251187,0.0503,0.1598,0.329,rf_regressor,r2,0.9305,0.1053,0.8252,3529.0,671.0,km1=159289;n_hyperedges=4200,
moleculenet_lipophilicity,organic,regression,1d,4200.0,hypergraph,1.0,ok,0.251187,0.0503,0.1598,0.329,rf_regressor,r2,0.9317,0.0972,0.8344,3529.0,671.0,km1=159289;n_hyperedges=4200,
moleculenet_lipophilicity,organic,regression,1d,4200.0,hypergraph,2.0,ok,0.251187,0.0503,0.1598,0.329,rf_regressor,r2,0.9305,0.0844,0.846,3529.0,671.0,km1=159289;n_hyperedges=4200,
moleculenet_lipophilicity,organic,regression,1d,4200.0,graph,0.0,ok,0.257195,0.0503,0.1598,0.1973,rf_regressor,r2,0.928,0.0625,0.8656,3529.0,671.0,cut=390781;fm_moves=0,
moleculenet_lipophilicity,organic,regression,1d,4200.0,graph,1.0,ok,0.257195,0.0503,0.1598,0.1973,rf_regressor,r2,0.9277,0.0411,0.8866,3529.0,671.0,cut=390781;fm_moves=0,
moleculenet_lipophilicity,organic,regression,1d,4200.0,graph,2.0,ok,0.257195,0.0503,0.1598,0.1973,rf_regressor,r2,0.9282,0.0737,0.8545,3529.0,671.0,cut=390781;fm_moves=0,
moleculenet_lipophilicity,organic,regression,1d,4200.0,lowrank,0.0,ok,0.245352,,0.19,0.269,rf_regressor,r2,0.9338,0.179,0.7549,3402.0,798.0,rank=256;fm_moves=42,
moleculenet_lipophilicity,organic,regression,1d,4200.0,lowrank,1.0,ok,0.245368,,0.19,0.2402,rf_regressor,r2,0.935,0.1835,0.7515,3402.0,798.0,rank=256;fm_moves=42,
moleculenet_lipophilicity,organic,regression,1d,4200.0,lowrank,2.0,ok,0.245422,,0.19,0.2771,rf_regressor,r2,0.9348,0.1919,0.7429,3402.0,798.0,rank=256;fm_moves=42,
moleculenet_lipophilicity,organic,regression,1d,4200.0,datasail,0.0,skipped,,,,,,,,,,,,,n=4200 > DATASAIL_MAX_N=3000 (ILP too slow)
moleculenet_lipophilicity,organic,regression,1d,4200.0,scaffold,0.0,ok,,,0.2,2.7375,rf_regressor,r2,0.9364,0.2306,0.7058,3360.0,840.0,n_scaffolds=1518,
moleculenet_lipophilicity,organic,regression,1d,4200.0,scaffold,1.0,ok,,,0.2,2.7375,rf_regressor,r2,0.9363,0.2335,0.7028,3360.0,840.0,n_scaffolds=1518,
moleculenet_lipophilicity,organic,regression,1d,4200.0,scaffold,2.0,ok,,,0.2,2.7375,rf_regressor,r2,0.9361,0.2402,0.6959,3360.0,840.0,n_scaffolds=1518,
moleculenet_lipophilicity,organic,regression,1d,4200.0,astartes,0.0,ok,0.324259,,0.1998,3.0525,rf_regressor,r2,0.93,0.2539,0.676,3361.0,839.0,,
moleculenet_lipophilicity,organic,regression,1d,4200.0,astartes,1.0,ok,0.324259,,0.1998,3.0525,rf_regressor,r2,0.9308,0.2456,0.6852,3361.0,839.0,,
moleculenet_lipophilicity,organic,regression,1d,4200.0,astartes,2.0,ok,0.324259,,0.1998,3.0525,rf_regressor,r2,0.9297,0.2533,0.6763,3361.0,839.0,,
moleculenet_lipophilicity,organic,regression,1d,4200.0,lohi,0.0,skipped,,,,,,,,,,,,,n=4200 > DATASAIL_MAX_N=3000 (ILP too slow)
moleculenet_clintox,organic,classification,1d,1480.0,random,0.0,ok,0.319689,,0.2,0.0112,rf_classifier,roc_auc,0.9986,0.7704,0.2282,1184.0,296.0,,
moleculenet_clintox,organic,classification,1d,1480.0,random,1.0,ok,0.31642,,0.2,0.0242,rf_classifier,roc_auc,0.9988,0.8251,0.1737,1184.0,296.0,,
moleculenet_clintox,organic,classification,1d,1480.0,random,2.0,ok,0.323472,,0.2,0.0245,rf_classifier,roc_auc,0.999,0.7725,0.2266,1184.0,296.0,,
moleculenet_clintox,organic,classification,1d,1480.0,hypergraph,0.0,ok,0.233975,0.0515,0.1588,0.1991,rf_classifier,roc_auc,0.9987,0.6522,0.3465,1245.0,235.0,km1=53054;n_hyperedges=1480,
moleculenet_clintox,organic,classification,1d,1480.0,hypergraph,1.0,ok,0.233975,0.0515,0.1588,0.1991,rf_classifier,roc_auc,0.9987,0.5654,0.4333,1245.0,235.0,km1=53054;n_hyperedges=1480,
moleculenet_clintox,organic,classification,1d,1480.0,hypergraph,2.0,ok,0.233975,0.0515,0.1588,0.1991,rf_classifier,roc_auc,0.9987,0.4935,0.5052,1245.0,235.0,km1=53054;n_hyperedges=1480,
moleculenet_clintox,organic,classification,1d,1480.0,graph,0.0,ok,0.233272,0.0515,0.1588,0.0895,rf_classifier,roc_auc,0.9988,0.5979,0.4009,1245.0,235.0,cut=109226;fm_moves=0,
moleculenet_clintox,organic,classification,1d,1480.0,graph,1.0,ok,0.233272,0.0515,0.1588,0.0895,rf_classifier,roc_auc,0.9988,0.6413,0.3575,1245.0,235.0,cut=109226;fm_moves=0,
moleculenet_clintox,organic,classification,1d,1480.0,graph,2.0,ok,0.233272,0.0515,0.1588,0.0895,rf_classifier,roc_auc,0.9988,0.5179,0.4809,1245.0,235.0,cut=109226;fm_moves=0,
moleculenet_clintox,organic,classification,1d,1480.0,lowrank,0.0,ok,0.204719,,0.1899,0.2629,rf_classifier,roc_auc,0.9987,0.5806,0.418,1199.0,281.0,rank=256;fm_moves=15,
moleculenet_clintox,organic,classification,1d,1480.0,lowrank,1.0,ok,0.204737,,0.1899,0.2669,rf_classifier,roc_auc,0.9987,0.6453,0.3534,1199.0,281.0,rank=256;fm_moves=15,
moleculenet_clintox,organic,classification,1d,1480.0,lowrank,2.0,ok,0.204785,,0.1899,0.2405,rf_classifier,roc_auc,0.9987,0.5591,0.4396,1199.0,281.0,rank=256;fm_moves=15,
moleculenet_clintox,organic,classification,1d,1480.0,datasail,0.0,ok,0.203444,,0.1797,56.0341,rf_classifier,roc_auc,0.9986,0.5938,0.4048,1214.0,266.0,technique=C1e,
moleculenet_clintox,organic,classification,1d,1480.0,datasail,1.0,ok,0.203444,,0.1797,56.0341,rf_classifier,roc_auc,0.9986,0.6041,0.3945,1214.0,266.0,technique=C1e,
moleculenet_clintox,organic,classification,1d,1480.0,datasail,2.0,ok,0.203444,,0.1797,56.0341,rf_classifier,roc_auc,0.9986,0.5916,0.407,1214.0,266.0,technique=C1e,
moleculenet_clintox,organic,classification,1d,1480.0,scaffold,0.0,ok,,,0.2,1.0644,rf_classifier,roc_auc,0.9988,0.7571,0.2417,1184.0,296.0,n_scaffolds=551,
moleculenet_clintox,organic,classification,1d,1480.0,scaffold,1.0,ok,,,0.2,1.0644,rf_classifier,roc_auc,0.9988,0.791,0.2079,1184.0,296.0,n_scaffolds=551,
moleculenet_clintox,organic,classification,1d,1480.0,scaffold,2.0,ok,,,0.2,1.0644,rf_classifier,roc_auc,0.9988,0.7798,0.219,1184.0,296.0,n_scaffolds=551,
moleculenet_clintox,organic,classification,1d,1480.0,astartes,0.0,ok,0.331439,,0.1993,0.6444,rf_classifier,roc_auc,0.9987,0.77,0.2288,1185.0,295.0,,
moleculenet_clintox,organic,classification,1d,1480.0,astartes,1.0,ok,0.331439,,0.1993,0.6444,rf_classifier,roc_auc,0.9987,0.7628,0.2359,1185.0,295.0,,
moleculenet_clintox,organic,classification,1d,1480.0,astartes,2.0,ok,0.331439,,0.1993,0.6444,rf_classifier,roc_auc,0.9988,0.761,0.2377,1185.0,295.0,,
moleculenet_clintox,organic,classification,1d,1480.0,lohi,0.0,ok,0.21554,,0.1225,1.6983,rf_classifier,roc_auc,0.9986,0.7331,0.2655,1296.0,181.0,,
moleculenet_clintox,organic,classification,1d,1480.0,lohi,1.0,ok,0.21554,,0.1225,1.6983,rf_classifier,roc_auc,0.9986,0.7365,0.2621,1296.0,181.0,,
moleculenet_clintox,organic,classification,1d,1480.0,lohi,2.0,ok,0.21554,,0.1225,1.6983,rf_classifier,roc_auc,0.9986,0.6711,0.3275,1296.0,181.0,,
moleculenet_hiv,organic,classification,1d,9998.0,random,0.0,ok,0.319909,,0.2,0.1313,rf_classifier,roc_auc,1.0,0.8732,0.1268,7998.0,2000.0,,
moleculenet_hiv,organic,classification,1d,9998.0,random,1.0,ok,0.319581,,0.2,0.1394,rf_classifier,roc_auc,1.0,0.7767,0.2233,7998.0,2000.0,,
moleculenet_hiv,organic,classification,1d,9998.0,random,2.0,ok,0.321635,,0.2,0.1613,rf_classifier,roc_auc,1.0,0.8371,0.1629,7998.0,2000.0,,
moleculenet_hiv,organic,classification,1d,9998.0,hypergraph,0.0,ok,0.217785,0.0503,0.1598,0.9233,rf_classifier,roc_auc,1.0,0.7423,0.2577,8400.0,1598.0,km1=510620;n_hyperedges=9998,
moleculenet_hiv,organic,classification,1d,9998.0,hypergraph,1.0,ok,0.217785,0.0503,0.1598,0.9233,rf_classifier,roc_auc,1.0,0.7252,0.2748,8400.0,1598.0,km1=510620;n_hyperedges=9998,
moleculenet_hiv,organic,classification,1d,9998.0,hypergraph,2.0,ok,0.217785,0.0503,0.1598,0.9233,rf_classifier,roc_auc,1.0,0.7003,0.2997,8400.0,1598.0,km1=510620;n_hyperedges=9998,
moleculenet_hiv,organic,classification,1d,9998.0,graph,0.0,ok,0.229554,0.0503,0.1598,0.4884,rf_classifier,roc_auc,1.0,0.6638,0.3362,8400.0,1598.0,cut=1629521;fm_moves=0,
moleculenet_hiv,organic,classification,1d,9998.0,graph,1.0,ok,0.229554,0.0503,0.1598,0.4884,rf_classifier,roc_auc,1.0,0.6179,0.3821,8400.0,1598.0,cut=1629521;fm_moves=0,
moleculenet_hiv,organic,classification,1d,9998.0,graph,2.0,ok,0.229554,0.0503,0.1598,0.4884,rf_classifier,roc_auc,1.0,0.6257,0.3743,8400.0,1598.0,cut=1629521;fm_moves=0,
moleculenet_hiv,organic,classification,1d,9998.0,lowrank,0.0,ok,0.211733,,0.1899,0.4435,rf_classifier,roc_auc,1.0,0.682,0.318,8099.0,1899.0,rank=256;fm_moves=101,
moleculenet_hiv,organic,classification,1d,9998.0,lowrank,1.0,ok,0.211704,,0.1899,0.3607,rf_classifier,roc_auc,1.0,0.7447,0.2553,8099.0,1899.0,rank=256;fm_moves=101,
moleculenet_hiv,organic,classification,1d,9998.0,lowrank,2.0,ok,0.211707,,0.1899,0.35,rf_classifier,roc_auc,1.0,0.752,0.248,8099.0,1899.0,rank=256;fm_moves=101,
moleculenet_hiv,organic,classification,1d,9998.0,datasail,0.0,skipped,,,,,,,,,,,,,n=9998 > DATASAIL_MAX_N=3000 (ILP too slow)
moleculenet_hiv,organic,classification,1d,9998.0,scaffold,0.0,ok,,,0.2,5.6467,rf_classifier,roc_auc,1.0,0.7481,0.2519,7998.0,2000.0,n_scaffolds=3984,
moleculenet_hiv,organic,classification,1d,9998.0,scaffold,1.0,ok,,,0.2,5.6467,rf_classifier,roc_auc,1.0,0.7767,0.2233,7998.0,2000.0,n_scaffolds=3984,
moleculenet_hiv,organic,classification,1d,9998.0,scaffold,2.0,ok,,,0.2,5.6467,rf_classifier,roc_auc,1.0,0.782,0.218,7998.0,2000.0,n_scaffolds=3984,
moleculenet_hiv,organic,classification,1d,9998.0,astartes,0.0,ok,0.324745,,0.1999,15.7096,rf_classifier,roc_auc,1.0,0.69,0.31,7999.0,1999.0,,
moleculenet_hiv,organic,classification,1d,9998.0,astartes,1.0,ok,0.324745,,0.1999,15.7096,rf_classifier,roc_auc,1.0,0.7467,0.2533,7999.0,1999.0,,
moleculenet_hiv,organic,classification,1d,9998.0,astartes,2.0,ok,0.324745,,0.1999,15.7096,rf_classifier,roc_auc,1.0,0.6835,0.3165,7999.0,1999.0,,
moleculenet_hiv,organic,classification,1d,9998.0,lohi,0.0,skipped,,,,,,,,,,,,,n=9998 > DATASAIL_MAX_N=3000 (ILP too slow)
moleculenet_tox21,organic,classification,1d,7823.0,random,0.0,ok,0.32004,,0.2001,0.0865,rf_classifier,roc_auc,0.9999,0.7674,0.2326,5797.0,1461.0,,
moleculenet_tox21,organic,classification,1d,7823.0,random,1.0,ok,0.323546,,0.2001,0.0922,rf_classifier,roc_auc,1.0,0.7895,0.2104,5806.0,1452.0,,
moleculenet_tox21,organic,classification,1d,7823.0,random,2.0,ok,0.318909,,0.2001,0.0798,rf_classifier,roc_auc,0.9999,0.7177,0.2822,5796.0,1462.0,,
moleculenet_tox21,organic,classification,1d,7823.0,hypergraph,0.0,ok,0.208545,0.0503,0.1598,0.6017,rf_classifier,roc_auc,0.9999,0.5758,0.4241,6115.0,1143.0,km1=254404;n_hyperedges=7823,
moleculenet_tox21,organic,classification,1d,7823.0,hypergraph,1.0,ok,0.208545,0.0503,0.1598,0.6017,rf_classifier,roc_auc,0.9999,0.5968,0.4031,6115.0,1143.0,km1=254404;n_hyperedges=7823,
moleculenet_tox21,organic,classification,1d,7823.0,hypergraph,2.0,ok,0.208545,0.0503,0.1598,0.6017,rf_classifier,roc_auc,0.9999,0.6612,0.3386,6115.0,1143.0,km1=254404;n_hyperedges=7823,
moleculenet_tox21,organic,classification,1d,7823.0,graph,0.0,ok,0.211975,0.0503,0.1598,0.3395,rf_classifier,roc_auc,0.9999,0.5497,0.4502,6119.0,1139.0,cut=707064;fm_moves=0,
moleculenet_tox21,organic,classification,1d,7823.0,graph,1.0,ok,0.211975,0.0503,0.1598,0.3395,rf_classifier,roc_auc,0.9999,0.6499,0.35,6119.0,1139.0,cut=707064;fm_moves=0,
moleculenet_tox21,organic,classification,1d,7823.0,graph,2.0,ok,0.211975,0.0503,0.1598,0.3395,rf_classifier,roc_auc,0.9999,0.5646,0.4353,6119.0,1139.0,cut=707064;fm_moves=0,
moleculenet_tox21,organic,classification,1d,7823.0,lowrank,0.0,ok,0.174286,,0.19,0.3355,rf_classifier,roc_auc,1.0,0.6518,0.3482,5836.0,1422.0,rank=256;fm_moves=79,
moleculenet_tox21,organic,classification,1d,7823.0,lowrank,1.0,ok,0.174276,,0.19,0.371,rf_classifier,roc_auc,1.0,0.6206,0.3794,5835.0,1423.0,rank=256;fm_moves=79,
moleculenet_tox21,organic,classification,1d,7823.0,lowrank,2.0,ok,0.174286,,0.19,0.352,rf_classifier,roc_auc,1.0,0.6734,0.3266,5835.0,1423.0,rank=256;fm_moves=79,
moleculenet_tox21,organic,classification,1d,7823.0,datasail,0.0,skipped,,,,,,,,,,,,,n=7823 > DATASAIL_MAX_N=3000 (ILP too slow)
moleculenet_tox21,organic,classification,1d,7823.0,scaffold,0.0,ok,,,0.2001,3.1131,rf_classifier,roc_auc,0.9999,0.6511,0.3488,5846.0,1412.0,n_scaffolds=1394,
moleculenet_tox21,organic,classification,1d,7823.0,scaffold,1.0,ok,,,0.2001,3.1131,rf_classifier,roc_auc,0.9999,0.6994,0.3005,5846.0,1412.0,n_scaffolds=1394,
moleculenet_tox21,organic,classification,1d,7823.0,scaffold,2.0,ok,,,0.2001,3.1131,rf_classifier,roc_auc,0.9999,0.6511,0.3488,5846.0,1412.0,n_scaffolds=1394,
moleculenet_tox21,organic,classification,1d,7823.0,astartes,0.0,ok,0.320532,,0.1999,9.8923,rf_classifier,roc_auc,0.9999,0.8302,0.1698,5811.0,1447.0,,
moleculenet_tox21,organic,classification,1d,7823.0,astartes,1.0,ok,0.320532,,0.1999,9.8923,rf_classifier,roc_auc,0.9999,0.8196,0.1803,5811.0,1447.0,,
moleculenet_tox21,organic,classification,1d,7823.0,astartes,2.0,ok,0.320532,,0.1999,9.8923,rf_classifier,roc_auc,0.9999,0.819,0.1809,5811.0,1447.0,,
moleculenet_tox21,organic,classification,1d,7823.0,lohi,0.0,skipped,,,,,,,,,,,,,n=7823 > DATASAIL_MAX_N=3000 (ILP too slow)
moleculenet_sider,organic,classification,1d,1427.0,random,0.0,ok,0.321242,,0.1997,0.0108,rf_classifier,roc_auc,1.0,0.7496,0.2504,1142.0,285.0,,
moleculenet_sider,organic,classification,1d,1427.0,random,1.0,ok,0.315924,,0.1997,0.0156,rf_classifier,roc_auc,1.0,0.7549,0.2451,1142.0,285.0,,
moleculenet_sider,organic,classification,1d,1427.0,random,2.0,ok,0.323623,,0.1997,0.0243,rf_classifier,roc_auc,1.0,0.8185,0.1815,1142.0,285.0,,
moleculenet_sider,organic,classification,1d,1427.0,hypergraph,0.0,ok,0.224488,0.0517,0.1591,0.1725,rf_classifier,roc_auc,1.0,0.5759,0.4241,1200.0,227.0,km1=41173;n_hyperedges=1427,
moleculenet_sider,organic,classification,1d,1427.0,hypergraph,1.0,ok,0.224488,0.0517,0.1591,0.1725,rf_classifier,roc_auc,1.0,0.5139,0.4861,1200.0,227.0,km1=41173;n_hyperedges=1427,
moleculenet_sider,organic,classification,1d,1427.0,hypergraph,2.0,ok,0.224488,0.0517,0.1591,0.1725,rf_classifier,roc_auc,1.0,0.5261,0.4739,1200.0,227.0,km1=41173;n_hyperedges=1427,
moleculenet_sider,organic,classification,1d,1427.0,graph,0.0,ok,0.249252,0.0517,0.1591,0.0877,rf_classifier,roc_auc,1.0,0.4538,0.5462,1200.0,227.0,cut=92818;fm_moves=0,
moleculenet_sider,organic,classification,1d,1427.0,graph,1.0,ok,0.249252,0.0517,0.1591,0.0877,rf_classifier,roc_auc,1.0,0.4633,0.5367,1200.0,227.0,cut=92818;fm_moves=0,
moleculenet_sider,organic,classification,1d,1427.0,graph,2.0,ok,0.249252,0.0517,0.1591,0.0877,rf_classifier,roc_auc,1.0,0.4718,0.5282,1200.0,227.0,cut=92818;fm_moves=0,
moleculenet_sider,organic,classification,1d,1427.0,lowrank,0.0,ok,0.184226,,0.1899,0.2701,rf_classifier,roc_auc,1.0,0.5665,0.4335,1156.0,271.0,rank=256;fm_moves=14,
moleculenet_sider,organic,classification,1d,1427.0,lowrank,1.0,ok,0.184169,,0.1899,0.2674,rf_classifier,roc_auc,1.0,0.6204,0.3796,1156.0,271.0,rank=256;fm_moves=14,
moleculenet_sider,organic,classification,1d,1427.0,lowrank,2.0,ok,0.184162,,0.1899,0.2689,rf_classifier,roc_auc,1.0,0.5369,0.4631,1156.0,271.0,rank=256;fm_moves=14,
moleculenet_sider,organic,classification,1d,1427.0,datasail,0.0,ok,0.182436,,0.1794,22.2698,rf_classifier,roc_auc,1.0,0.5937,0.4063,1171.0,256.0,technique=C1e,
moleculenet_sider,organic,classification,1d,1427.0,datasail,1.0,ok,0.182436,,0.1794,22.2698,rf_classifier,roc_auc,1.0,0.6251,0.3749,1171.0,256.0,technique=C1e,
moleculenet_sider,organic,classification,1d,1427.0,datasail,2.0,ok,0.182436,,0.1794,22.2698,rf_classifier,roc_auc,1.0,0.5689,0.4311,1171.0,256.0,technique=C1e,
moleculenet_sider,organic,classification,1d,1427.0,scaffold,0.0,ok,,,0.1997,2.9116,rf_classifier,roc_auc,1.0,0.6877,0.3123,1142.0,285.0,n_scaffolds=609,
moleculenet_sider,organic,classification,1d,1427.0,scaffold,1.0,ok,,,0.1997,2.9116,rf_classifier,roc_auc,1.0,0.6947,0.3053,1142.0,285.0,n_scaffolds=609,
moleculenet_sider,organic,classification,1d,1427.0,scaffold,2.0,ok,,,0.1997,2.9116,rf_classifier,roc_auc,1.0,0.68,0.32,1142.0,285.0,n_scaffolds=609,
moleculenet_sider,organic,classification,1d,1427.0,astartes,0.0,ok,0.328456,,0.1997,0.7124,rf_classifier,roc_auc,1.0,0.5808,0.4192,1142.0,285.0,,
moleculenet_sider,organic,classification,1d,1427.0,astartes,1.0,ok,0.328456,,0.1997,0.7124,rf_classifier,roc_auc,1.0,0.561,0.439,1142.0,285.0,,
moleculenet_sider,organic,classification,1d,1427.0,astartes,2.0,ok,0.328456,,0.1997,0.7124,rf_classifier,roc_auc,1.0,0.5411,0.4589,1142.0,285.0,,
moleculenet_sider,organic,classification,1d,1427.0,lohi,0.0,ok,0.205013,,0.1221,1.8894,rf_classifier,roc_auc,1.0,0.6409,0.3591,1251.0,174.0,,
moleculenet_sider,organic,classification,1d,1427.0,lohi,1.0,ok,0.205013,,0.1221,1.8894,rf_classifier,roc_auc,1.0,0.6765,0.3235,1251.0,174.0,,
moleculenet_sider,organic,classification,1d,1427.0,lohi,2.0,ok,0.205013,,0.1221,1.8894,rf_classifier,roc_auc,1.0,0.6499,0.3501,1251.0,174.0,,
moleculenet_muv,organic,classification,1d,10000.0,random,0.0,ok,0.321242,,0.2,0.1252,,,,,,1310.0,315.0,,train single-class
moleculenet_muv,organic,classification,1d,10000.0,random,1.0,ok,0.319556,,0.2,0.1261,rf_classifier,accuracy,1.0,1.0,0.0,1307.0,318.0,,
moleculenet_muv,organic,classification,1d,10000.0,random,2.0,ok,0.319408,,0.2,0.151,rf_classifier,roc_auc,1.0,0.4819,0.5181,1292.0,333.0,,
moleculenet_muv,organic,classification,1d,10000.0,hypergraph,0.0,ok,0.235349,0.0501,0.1599,0.9565,rf_classifier,accuracy,1.0,1.0,0.0,1447.0,178.0,km1=817353;n_hyperedges=10000,
moleculenet_muv,organic,classification,1d,10000.0,hypergraph,1.0,ok,0.235349,0.0501,0.1599,0.9565,rf_classifier,accuracy,1.0,1.0,0.0,1447.0,178.0,km1=817353;n_hyperedges=10000,
moleculenet_muv,organic,classification,1d,10000.0,hypergraph,2.0,ok,0.235349,0.0501,0.1599,0.9565,rf_classifier,accuracy,1.0,1.0,0.0,1447.0,178.0,km1=817353;n_hyperedges=10000,
moleculenet_muv,organic,classification,1d,10000.0,graph,0.0,ok,0.237689,0.0501,0.1599,0.5355,rf_classifier,accuracy,1.0,1.0,0.0,1397.0,228.0,cut=2719852;fm_moves=0,
moleculenet_muv,organic,classification,1d,10000.0,graph,1.0,ok,0.237689,0.0501,0.1599,0.5355,rf_classifier,accuracy,1.0,1.0,0.0,1397.0,228.0,cut=2719852;fm_moves=0,
moleculenet_muv,organic,classification,1d,10000.0,graph,2.0,ok,0.237689,0.0501,0.1599,0.5355,rf_classifier,accuracy,1.0,1.0,0.0,1397.0,228.0,cut=2719852;fm_moves=0,
moleculenet_muv,organic,classification,1d,10000.0,lowrank,0.0,ok,0.246005,,0.19,0.4783,rf_classifier,roc_auc,1.0,0.4831,0.5169,1387.0,238.0,rank=256;fm_moves=100,
moleculenet_muv,organic,classification,1d,10000.0,lowrank,1.0,ok,0.245956,,0.19,0.4722,rf_classifier,roc_auc,1.0,0.4812,0.5188,1385.0,240.0,rank=256;fm_moves=100,
moleculenet_muv,organic,classification,1d,10000.0,lowrank,2.0,ok,0.24597,,0.19,0.4573,rf_classifier,roc_auc,1.0,0.4834,0.5166,1383.0,242.0,rank=256;fm_moves=100,
moleculenet_muv,organic,classification,1d,10000.0,datasail,0.0,skipped,,,,,,,,,,,,,n=10000 > DATASAIL_MAX_N=3000 (ILP too slow)
moleculenet_muv,organic,classification,1d,10000.0,scaffold,0.0,ok,,,0.2,5.7628,rf_classifier,accuracy,1.0,1.0,0.0,1248.0,377.0,n_scaffolds=4814,
moleculenet_muv,organic,classification,1d,10000.0,scaffold,1.0,ok,,,0.2,5.7628,rf_classifier,accuracy,1.0,1.0,0.0,1248.0,377.0,n_scaffolds=4814,
moleculenet_muv,organic,classification,1d,10000.0,scaffold,2.0,ok,,,0.2,5.7628,rf_classifier,accuracy,1.0,1.0,0.0,1248.0,377.0,n_scaffolds=4814,
moleculenet_muv,organic,classification,1d,10000.0,astartes,0.0,ok,0.317962,,0.1999,14.3814,rf_classifier,accuracy,0.9992,1.0,-0.0008,1329.0,296.0,,
moleculenet_muv,organic,classification,1d,10000.0,astartes,1.0,ok,0.317962,,0.1999,14.3814,rf_classifier,accuracy,1.0,1.0,0.0,1329.0,296.0,,
moleculenet_muv,organic,classification,1d,10000.0,astartes,2.0,ok,0.317962,,0.1999,14.3814,rf_classifier,accuracy,1.0,1.0,0.0,1329.0,296.0,,
moleculenet_muv,organic,classification,1d,10000.0,lohi,0.0,skipped,,,,,,,,,,,,,n=10000 > DATASAIL_MAX_N=3000 (ILP too slow)
moleculenet_qm8,organic,regression,1d,10000.0,random,0.0,ok,0.318566,,0.2,0.1255,rf_regressor,r2,0.9856,0.8985,0.0871,8000.0,2000.0,,
moleculenet_qm8,organic,regression,1d,10000.0,random,1.0,ok,0.319526,,0.2,0.1564,rf_regressor,r2,0.9861,0.8923,0.0938,8000.0,2000.0,,
moleculenet_qm8,organic,regression,1d,10000.0,random,2.0,ok,0.318951,,0.2,0.1593,rf_regressor,r2,0.9856,0.8965,0.0891,8000.0,2000.0,,
moleculenet_qm8,organic,regression,1d,10000.0,hypergraph,0.0,ok,0.184317,0.0225,0.182,0.6205,rf_regressor,r2,0.9884,0.0695,0.9189,8180.0,1820.0,km1=82162;n_hyperedges=10000,
moleculenet_qm8,organic,regression,1d,10000.0,hypergraph,1.0,ok,0.184317,0.0225,0.182,0.6205,rf_regressor,r2,0.9886,0.0567,0.9318,8180.0,1820.0,km1=82162;n_hyperedges=10000,
moleculenet_qm8,organic,regression,1d,10000.0,hypergraph,2.0,ok,0.184317,0.0225,0.182,0.6205,rf_regressor,r2,0.9886,0.0578,0.9308,8180.0,1820.0,km1=82162;n_hyperedges=10000,
moleculenet_qm8,organic,regression,1d,10000.0,graph,0.0,ok,0.18493,0.0216,0.1827,0.37,rf_regressor,r2,0.9884,0.0186,0.9698,8173.0,1827.0,cut=148926;fm_moves=0,
moleculenet_qm8,organic,regression,1d,10000.0,graph,1.0,ok,0.18493,0.0216,0.1827,0.37,rf_regressor,r2,0.9886,-0.0003,0.9889,8173.0,1827.0,cut=148926;fm_moves=0,
moleculenet_qm8,organic,regression,1d,10000.0,graph,2.0,ok,0.18493,0.0216,0.1827,0.37,rf_regressor,r2,0.9886,-0.0082,0.9968,8173.0,1827.0,cut=148926;fm_moves=0,
moleculenet_qm8,organic,regression,1d,10000.0,lowrank,0.0,ok,0.186555,,0.19,0.4327,rf_regressor,r2,0.9889,0.2642,0.7247,8100.0,1900.0,rank=256;fm_moves=100,
moleculenet_qm8,organic,regression,1d,10000.0,lowrank,1.0,ok,0.186611,,0.19,0.397,rf_regressor,r2,0.9889,0.2659,0.7231,8100.0,1900.0,rank=256;fm_moves=100,
moleculenet_qm8,organic,regression,1d,10000.0,lowrank,2.0,ok,0.186563,,0.19,0.4331,rf_regressor,r2,0.9888,0.2426,0.7462,8100.0,1900.0,rank=256;fm_moves=100,
moleculenet_qm8,organic,regression,1d,10000.0,datasail,0.0,skipped,,,,,,,,,,,,,n=10000 > DATASAIL_MAX_N=3000 (ILP too slow)
moleculenet_qm8,organic,regression,1d,10000.0,scaffold,0.0,ok,,,0.2,1.8252,rf_regressor,r2,0.9881,0.6259,0.3622,8000.0,2000.0,n_scaffolds=155,
moleculenet_qm8,organic,regression,1d,10000.0,scaffold,1.0,ok,,,0.2,1.8252,rf_regressor,r2,0.9881,0.6263,0.3618,8000.0,2000.0,n_scaffolds=155,
moleculenet_qm8,organic,regression,1d,10000.0,scaffold,2.0,ok,,,0.2,1.8252,rf_regressor,r2,0.9883,0.6283,0.36,8000.0,2000.0,n_scaffolds=155,
moleculenet_qm8,organic,regression,1d,10000.0,astartes,0.0,ok,0.314359,,0.1999,13.869,rf_regressor,r2,0.9862,0.8539,0.1323,8001.0,1999.0,,
moleculenet_qm8,organic,regression,1d,10000.0,astartes,1.0,ok,0.314359,,0.1999,13.869,rf_regressor,r2,0.9862,0.8571,0.1291,8001.0,1999.0,,
moleculenet_qm8,organic,regression,1d,10000.0,astartes,2.0,ok,0.314359,,0.1999,13.869,rf_regressor,r2,0.9861,0.8537,0.1324,8001.0,1999.0,,
moleculenet_qm8,organic,regression,1d,10000.0,lohi,0.0,skipped,,,,,,,,,,,,,n=10000 > DATASAIL_MAX_N=3000 (ILP too slow)
qmof,inorganic,regression,1d,10000.0,random,0.0,ok,0.319468,,0.2,0.0393,rf_regressor,r2,0.942,0.6149,0.3271,8000.0,2000.0,,
qmof,inorganic,regression,1d,10000.0,random,1.0,ok,0.318251,,0.2,0.0467,rf_regressor,r2,0.9425,0.6244,0.3182,8000.0,2000.0,,
qmof,inorganic,regression,1d,10000.0,random,2.0,ok,0.319956,,0.2,0.0524,rf_regressor,r2,0.9418,0.6303,0.3114,8000.0,2000.0,,
qmof,inorganic,regression,1d,10000.0,hypergraph,0.0,ok,0.199977,0.0501,0.1599,0.6232,rf_regressor,r2,0.9435,0.4088,0.5347,8401.0,1599.0,km1=151003;n_hyperedges=10000,
qmof,inorganic,regression,1d,10000.0,hypergraph,1.0,ok,0.199977,0.0501,0.1599,0.6232,rf_regressor,r2,0.9435,0.4093,0.5342,8401.0,1599.0,km1=151003;n_hyperedges=10000,
qmof,inorganic,regression,1d,10000.0,hypergraph,2.0,ok,0.199977,0.0501,0.1599,0.6232,rf_regressor,r2,0.9447,0.4036,0.541,8401.0,1599.0,km1=151003;n_hyperedges=10000,
qmof,inorganic,regression,1d,10000.0,graph,0.0,ok,0.18861,0.0501,0.1599,0.3235,rf_regressor,r2,0.9384,0.3802,0.5582,8401.0,1599.0,cut=416918;fm_moves=0,
qmof,inorganic,regression,1d,10000.0,graph,1.0,ok,0.18861,0.0501,0.1599,0.3235,rf_regressor,r2,0.9381,0.3889,0.5492,8401.0,1599.0,cut=416918;fm_moves=0,
qmof,inorganic,regression,1d,10000.0,graph,2.0,ok,0.18861,0.0501,0.1599,0.3235,rf_regressor,r2,0.9383,0.3916,0.5466,8401.0,1599.0,cut=416918;fm_moves=0,
qmof,inorganic,regression,1d,10000.0,lowrank,0.0,ok,0.199073,,0.19,0.3685,rf_regressor,r2,0.9369,0.3875,0.5494,8100.0,1900.0,rank=256;fm_moves=100,
qmof,inorganic,regression,1d,10000.0,lowrank,1.0,ok,0.199077,,0.19,0.3864,rf_regressor,r2,0.937,0.387,0.55,8100.0,1900.0,rank=256;fm_moves=100,
qmof,inorganic,regression,1d,10000.0,lowrank,2.0,ok,0.199103,,0.19,0.3861,rf_regressor,r2,0.9371,0.382,0.5551,8100.0,1900.0,rank=256;fm_moves=100,
qmof,inorganic,regression,1d,10000.0,datasail,0.0,skipped,,,,,,,,,,,,,n=10000 > DATASAIL_MAX_N=3000 (ILP too slow)
qmof,inorganic,regression,1d,10000.0,scaffold,0.0,ok,,,0.2,2.8314,rf_regressor,r2,0.9442,0.4932,0.451,6897.0,1724.0,n_scaffolds=664,
qmof,inorganic,regression,1d,10000.0,scaffold,1.0,ok,,,0.2,2.8314,rf_regressor,r2,0.945,0.494,0.4511,6897.0,1724.0,n_scaffolds=664,
qmof,inorganic,regression,1d,10000.0,scaffold,2.0,ok,,,0.2,2.8314,rf_regressor,r2,0.9447,0.4928,0.4519,6897.0,1724.0,n_scaffolds=664,
qmof,inorganic,regression,1d,10000.0,astartes,0.0,ok,0.317501,,0.1999,6.1027,rf_regressor,r2,0.9419,0.5689,0.373,8001.0,1999.0,,
qmof,inorganic,regression,1d,10000.0,astartes,1.0,ok,0.317501,,0.1999,6.1027,rf_regressor,r2,0.942,0.5658,0.3762,8001.0,1999.0,,
qmof,inorganic,regression,1d,10000.0,astartes,2.0,ok,0.317501,,0.1999,6.1027,rf_regressor,r2,0.9421,0.5679,0.3742,8001.0,1999.0,,
qmof,inorganic,regression,1d,10000.0,lohi,0.0,skipped,,,,,,,,,,,,,n=10000 > DATASAIL_MAX_N=3000 (ILP too slow)
omol25,inorganic,,1d,10000.0,random,0.0,ok,0.318952,,0.2,0.0405,,,,,,,,,
omol25,inorganic,,1d,10000.0,random,1.0,ok,0.320163,,0.2,0.0274,,,,,,,,,
omol25,inorganic,,1d,10000.0,random,2.0,ok,0.320615,,0.2,0.0271,,,,,,,,,
omol25,inorganic,,1d,10000.0,hypergraph,0.0,ok,0.222753,0.0439,0.1649,0.2489,,,,,,,,km1=178946;n_hyperedges=10000,
omol25,inorganic,,1d,10000.0,hypergraph,1.0,ok,0.222753,0.0439,0.1649,0.2489,,,,,,,,km1=178946;n_hyperedges=10000,
omol25,inorganic,,1d,10000.0,hypergraph,2.0,ok,0.222753,0.0439,0.1649,0.2489,,,,,,,,km1=178946;n_hyperedges=10000,
omol25,inorganic,,1d,10000.0,graph,0.0,ok,0.216636,0.0496,0.1603,0.1631,,,,,,,,cut=403725;fm_moves=0,
omol25,inorganic,,1d,10000.0,graph,1.0,ok,0.216636,0.0496,0.1603,0.1631,,,,,,,,cut=403725;fm_moves=0,
omol25,inorganic,,1d,10000.0,graph,2.0,ok,0.216636,0.0496,0.1603,0.1631,,,,,,,,cut=403725;fm_moves=0,
omol25,inorganic,,1d,10000.0,lowrank,0.0,ok,0.255663,,0.19,0.2586,,,,,,,,rank=256;fm_moves=100,
omol25,inorganic,,1d,10000.0,lowrank,1.0,ok,0.255663,,0.19,0.2524,,,,,,,,rank=256;fm_moves=100,
omol25,inorganic,,1d,10000.0,lowrank,2.0,ok,0.255663,,0.19,0.2483,,,,,,,,rank=256;fm_moves=100,
omol25,inorganic,,1d,10000.0,datasail,0.0,skipped,,,,,,,,,,,,,n=10000 > DATASAIL_MAX_N=3000 (ILP too slow)
omol25,inorganic,,1d,10000.0,astartes,0.0,ok,0.32141,,0.1999,3.0477,,,,,,,,,
omol25,inorganic,,1d,10000.0,astartes,1.0,ok,0.32141,,0.1999,3.0477,,,,,,,,,
omol25,inorganic,,1d,10000.0,astartes,2.0,ok,0.32141,,0.1999,3.0477,,,,,,,,,
materials_project,inorganic,regression,1d,10000.0,random,0.0,ok,0.320959,,0.2,0.0296,rf_regressor,r2,0.9766,0.8376,0.139,8000.0,2000.0,,
materials_project,inorganic,regression,1d,10000.0,random,1.0,ok,0.321218,,0.2,0.0332,rf_regressor,r2,0.9743,0.8607,0.1135,8000.0,2000.0,,
materials_project,inorganic,regression,1d,10000.0,random,2.0,ok,0.318526,,0.2,0.0329,rf_regressor,r2,0.9748,0.8557,0.1192,8000.0,2000.0,,
materials_project,inorganic,regression,1d,10000.0,hypergraph,0.0,ok,0.279564,0.0455,0.2092,0.436,rf_regressor,r2,0.9788,0.0894,0.8894,7908.0,2092.0,km1=117199;n_hyperedges=10000,
materials_project,inorganic,regression,1d,10000.0,hypergraph,1.0,ok,0.279564,0.0455,0.2092,0.436,rf_regressor,r2,0.9789,0.0895,0.8895,7908.0,2092.0,km1=117199;n_hyperedges=10000,
materials_project,inorganic,regression,1d,10000.0,hypergraph,2.0,ok,0.279564,0.0455,0.2092,0.436,rf_regressor,r2,0.9789,0.0917,0.8872,7908.0,2092.0,km1=117199;n_hyperedges=10000,
materials_project,inorganic,regression,1d,10000.0,graph,0.0,ok,0.259439,0.024,0.19,0.3859,rf_regressor,r2,0.979,0.1222,0.8567,8100.0,1900.0,cut=272608;fm_moves=149,
materials_project,inorganic,regression,1d,10000.0,graph,1.0,ok,0.259439,0.024,0.19,0.3859,rf_regressor,r2,0.979,0.1226,0.8564,8100.0,1900.0,cut=272608;fm_moves=149,
materials_project,inorganic,regression,1d,10000.0,graph,2.0,ok,0.259439,0.024,0.19,0.3859,rf_regressor,r2,0.9791,0.1285,0.8505,8100.0,1900.0,cut=272608;fm_moves=149,
materials_project,inorganic,regression,1d,10000.0,lowrank,0.0,ok,0.259766,,0.19,0.3667,rf_regressor,r2,0.9747,0.6923,0.2825,8100.0,1900.0,rank=256;fm_moves=100,
materials_project,inorganic,regression,1d,10000.0,lowrank,1.0,ok,0.260625,,0.19,0.3613,rf_regressor,r2,0.9758,0.6671,0.3087,8100.0,1900.0,rank=256;fm_moves=100,
materials_project,inorganic,regression,1d,10000.0,lowrank,2.0,ok,0.257868,,0.19,0.3657,rf_regressor,r2,0.9756,0.7009,0.2747,8100.0,1900.0,rank=256;fm_moves=100,
materials_project,inorganic,regression,1d,10000.0,datasail,0.0,skipped,,,,,,,,,,,,,n=10000 > DATASAIL_MAX_N=3000 (ILP too slow)
materials_project,inorganic,regression,1d,10000.0,astartes,0.0,ok,0.317897,,0.1999,2.2417,rf_regressor,r2,0.9738,0.8493,0.1246,8001.0,1999.0,,
materials_project,inorganic,regression,1d,10000.0,astartes,1.0,ok,0.317897,,0.1999,2.2417,rf_regressor,r2,0.9744,0.8482,0.1262,8001.0,1999.0,,
materials_project,inorganic,regression,1d,10000.0,astartes,2.0,ok,0.317897,,0.1999,2.2417,rf_regressor,r2,0.974,0.8499,0.1241,8001.0,1999.0,,
uspto_mcr,reaction,,nd,4300.0,random,0.0,ok,0.319281,,0.2,0.1957,,,,,,,,,
uspto_mcr,reaction,,nd,4300.0,random,1.0,ok,0.320187,,0.2,0.1973,,,,,,,,,
uspto_mcr,reaction,,nd,4300.0,random,2.0,ok,0.319809,,0.2,0.2001,,,,,,,,,
uspto_mcr,reaction,,nd,4300.0,hypergraph_nd,0.0,ok,0.308679,0.0189,0.1849,93.674,,,,,,,,km1=0;n_hyperedges=1763,
uspto_mcr,reaction,,nd,4300.0,hypergraph_nd,1.0,ok,0.308679,0.0189,0.1849,93.674,,,,,,,,km1=0;n_hyperedges=1763,
uspto_mcr,reaction,,nd,4300.0,hypergraph_nd,2.0,ok,0.308679,0.0189,0.1849,93.674,,,,,,,,km1=0;n_hyperedges=1763,
uspto_mcr,reaction,,nd,4300.0,hypergraph_nd_knn,0.0,ok,0.255802,0.0503,0.1598,1.5852,,,,,,,,km1=2210350;n_hyperedges=12900,
uspto_mcr,reaction,,nd,4300.0,hypergraph_nd_knn,1.0,ok,0.255802,0.0503,0.1598,1.5852,,,,,,,,km1=2210350;n_hyperedges=12900,
uspto_mcr,reaction,,nd,4300.0,hypergraph_nd_knn,2.0,ok,0.255802,0.0503,0.1598,1.5852,,,,,,,,km1=2210350;n_hyperedges=12900,
openpolymer26,polymer,regression,1d,10000.0,random,0.0,ok,0.320068,,0.2,0.0229,rf_regressor,r2,0.9756,0.8515,0.1242,8000.0,2000.0,,
openpolymer26,polymer,regression,1d,10000.0,random,1.0,ok,0.320599,,0.2,0.0276,rf_regressor,r2,0.9775,0.8014,0.1761,8000.0,2000.0,,
openpolymer26,polymer,regression,1d,10000.0,random,2.0,ok,0.320012,,0.2,0.0244,rf_regressor,r2,0.976,0.8291,0.1469,8000.0,2000.0,,
openpolymer26,polymer,regression,1d,10000.0,hypergraph,0.0,ok,0.30605,0.0054,0.1957,0.2614,rf_regressor,r2,0.9764,0.5518,0.4247,8043.0,1957.0,km1=4259;n_hyperedges=10000,
openpolymer26,polymer,regression,1d,10000.0,hypergraph,1.0,ok,0.30605,0.0054,0.1957,0.2614,rf_regressor,r2,0.9769,0.5448,0.4321,8043.0,1957.0,km1=4259;n_hyperedges=10000,
openpolymer26,polymer,regression,1d,10000.0,hypergraph,2.0,ok,0.30605,0.0054,0.1957,0.2614,rf_regressor,r2,0.9771,0.5501,0.427,8043.0,1957.0,km1=4259;n_hyperedges=10000,
openpolymer26,polymer,regression,1d,10000.0,graph,0.0,ok,0.300307,0.0056,0.19,0.2457,rf_regressor,r2,0.9765,0.5611,0.4153,8100.0,1900.0,cut=11440;fm_moves=55,
openpolymer26,polymer,regression,1d,10000.0,graph,1.0,ok,0.300307,0.0056,0.19,0.2457,rf_regressor,r2,0.9764,0.5636,0.4128,8100.0,1900.0,cut=11440;fm_moves=55,
openpolymer26,polymer,regression,1d,10000.0,graph,2.0,ok,0.300307,0.0056,0.19,0.2457,rf_regressor,r2,0.977,0.5637,0.4133,8100.0,1900.0,cut=11440;fm_moves=55,
openpolymer26,polymer,regression,1d,10000.0,lowrank,0.0,ok,0.25699,,0.19,0.3516,rf_regressor,r2,0.9763,0.466,0.5103,8100.0,1900.0,rank=256;fm_moves=100,
openpolymer26,polymer,regression,1d,10000.0,lowrank,1.0,ok,0.256617,,0.19,0.354,rf_regressor,r2,0.9755,-0.4363,1.4117,8100.0,1900.0,rank=256;fm_moves=100,
openpolymer26,polymer,regression,1d,10000.0,lowrank,2.0,ok,0.260119,,0.19,0.3248,rf_regressor,r2,0.9761,0.3574,0.6186,8100.0,1900.0,rank=256;fm_moves=100,
openpolymer26,polymer,regression,1d,10000.0,datasail,0.0,skipped,,,,,,,,,,,,,n=10000 > DATASAIL_MAX_N=3000 (ILP too slow)
openpolymer26,polymer,regression,1d,10000.0,astartes,0.0,ok,0.319617,,0.1999,2.4207,rf_regressor,r2,0.9761,0.8034,0.1728,8001.0,1999.0,,
openpolymer26,polymer,regression,1d,10000.0,astartes,1.0,ok,0.319617,,0.1999,2.4207,rf_regressor,r2,0.9757,0.8068,0.169,8001.0,1999.0,,
openpolymer26,polymer,regression,1d,10000.0,astartes,2.0,ok,0.319617,,0.1999,2.4207,rf_regressor,r2,0.9748,0.8049,0.1699,8001.0,1999.0,,
rfam,gene,classification,1d,6320.0,random,0.0,ok,0.321253,,0.2,0.0125,rf_classifier,accuracy,1.0,0.4359,0.5641,5056.0,1264.0,,
rfam,gene,classification,1d,6320.0,random,1.0,ok,0.321646,,0.2,0.015,rf_classifier,accuracy,1.0,0.4478,0.5522,5056.0,1264.0,,
rfam,gene,classification,1d,6320.0,random,2.0,ok,0.321025,,0.2,0.0135,rf_classifier,accuracy,1.0,0.4525,0.5475,5056.0,1264.0,,
rfam,gene,classification,1d,6320.0,hypergraph,0.0,ok,0.228558,0.0504,0.1598,0.5308,rf_classifier,accuracy,1.0,0.301,0.699,5310.0,1010.0,km1=171938;n_hyperedges=6320,
rfam,gene,classification,1d,6320.0,hypergraph,1.0,ok,0.228558,0.0504,0.1598,0.5308,rf_classifier,accuracy,1.0,0.3099,0.6901,5310.0,1010.0,km1=171938;n_hyperedges=6320,
rfam,gene,classification,1d,6320.0,hypergraph,2.0,ok,0.228558,0.0504,0.1598,0.5308,rf_classifier,accuracy,1.0,0.3109,0.6891,5310.0,1010.0,km1=171938;n_hyperedges=6320,
rfam,gene,classification,1d,6320.0,graph,0.0,ok,0.233701,0.0504,0.1598,0.2533,rf_classifier,accuracy,1.0,0.296,0.704,5310.0,1010.0,cut=607588;fm_moves=0,
rfam,gene,classification,1d,6320.0,graph,1.0,ok,0.233701,0.0504,0.1598,0.2533,rf_classifier,accuracy,1.0,0.295,0.705,5310.0,1010.0,cut=607588;fm_moves=0,
rfam,gene,classification,1d,6320.0,graph,2.0,ok,0.233701,0.0504,0.1598,0.2533,rf_classifier,accuracy,1.0,0.3099,0.6901,5310.0,1010.0,cut=607588;fm_moves=0,
rfam,gene,classification,1d,6320.0,lowrank,0.0,ok,0.260805,,0.1899,0.2832,rf_classifier,accuracy,1.0,0.3367,0.6633,5120.0,1200.0,rank=256;fm_moves=64,
rfam,gene,classification,1d,6320.0,lowrank,1.0,ok,0.260747,,0.1899,0.2466,rf_classifier,accuracy,1.0,0.3392,0.6608,5120.0,1200.0,rank=256;fm_moves=64,
rfam,gene,classification,1d,6320.0,lowrank,2.0,ok,0.260764,,0.1899,0.2628,rf_classifier,accuracy,1.0,0.3275,0.6725,5120.0,1200.0,rank=256;fm_moves=64,
rfam,gene,classification,1d,6320.0,datasail,0.0,skipped,,,,,,,,,,,,,n=6320 > DATASAIL_MAX_N=3000 (ILP too slow)
rfam,gene,classification,1d,6320.0,astartes,0.0,ok,0.320526,,0.1998,0.9323,rf_classifier,accuracy,1.0,0.4149,0.5851,5057.0,1263.0,,
rfam,gene,classification,1d,6320.0,astartes,1.0,ok,0.320526,,0.1998,0.9323,rf_classifier,accuracy,1.0,0.4252,0.5748,5057.0,1263.0,,
rfam,gene,classification,1d,6320.0,astartes,2.0,ok,0.320526,,0.1998,0.9323,rf_classifier,accuracy,1.0,0.4109,0.5891,5057.0,1263.0,,
lp_pdbbind,protein,regression,1d,10000.0,random,0.0,ok,0.319923,,0.2,0.1766,rf_regressor,r2,0.9085,0.3855,0.5229,8000.0,2000.0,,
lp_pdbbind,protein,regression,1d,10000.0,random,1.0,ok,0.320285,,0.2,0.1697,rf_regressor,r2,0.91,0.3452,0.5648,8000.0,2000.0,,
lp_pdbbind,protein,regression,1d,10000.0,random,2.0,ok,0.32116,,0.2,0.1196,rf_regressor,r2,0.9108,0.3083,0.6025,8000.0,2000.0,,
lp_pdbbind,protein,regression,1d,10000.0,hypergraph,0.0,ok,0.210901,0.0075,0.194,1.7558,rf_regressor,r2,0.9118,-0.0219,0.9337,8060.0,1940.0,km1=629;n_hyperedges=10000,
lp_pdbbind,protein,regression,1d,10000.0,hypergraph,1.0,ok,0.210901,0.0075,0.194,1.7558,rf_regressor,r2,0.9114,-0.0488,0.9602,8060.0,1940.0,km1=629;n_hyperedges=10000,
lp_pdbbind,protein,regression,1d,10000.0,hypergraph,2.0,ok,0.210901,0.0075,0.194,1.7558,rf_regressor,r2,0.9122,-0.0457,0.9578,8060.0,1940.0,km1=629;n_hyperedges=10000,
lp_pdbbind,protein,regression,1d,10000.0,graph,0.0,ok,0.205497,0.0028,0.19,0.5216,rf_regressor,r2,0.9115,0.0391,0.8724,8100.0,1900.0,cut=931;fm_moves=78,
lp_pdbbind,protein,regression,1d,10000.0,graph,1.0,ok,0.205497,0.0028,0.19,0.5216,rf_regressor,r2,0.911,0.042,0.869,8100.0,1900.0,cut=931;fm_moves=78,
lp_pdbbind,protein,regression,1d,10000.0,graph,2.0,ok,0.205497,0.0028,0.19,0.5216,rf_regressor,r2,0.9118,0.0148,0.897,8100.0,1900.0,cut=931;fm_moves=78,
lp_pdbbind,protein,regression,1d,10000.0,lowrank,0.0,ok,0.202921,,0.19,0.5166,rf_regressor,r2,0.9123,-0.0368,0.9491,8100.0,1900.0,rank=256;fm_moves=100,
lp_pdbbind,protein,regression,1d,10000.0,lowrank,1.0,ok,0.202921,,0.19,0.3943,rf_regressor,r2,0.9128,-0.0084,0.9212,8100.0,1900.0,rank=256;fm_moves=100,
lp_pdbbind,protein,regression,1d,10000.0,lowrank,2.0,ok,0.202933,,0.19,0.3517,rf_regressor,r2,0.9128,-0.0231,0.9359,8100.0,1900.0,rank=256;fm_moves=100,
lp_pdbbind,protein,regression,1d,10000.0,datasail,0.0,skipped,,,,,,,,,,,,,n=10000 > DATASAIL_MAX_N=3000 (ILP too slow)
lp_pdbbind,protein,regression,1d,10000.0,astartes,0.0,ok,0.319734,,0.1999,5.7795,rf_regressor,r2,0.9112,0.1388,0.7725,8001.0,1999.0,,
lp_pdbbind,protein,regression,1d,10000.0,astartes,1.0,ok,0.319734,,0.1999,5.7795,rf_regressor,r2,0.9107,0.1331,0.7776,8001.0,1999.0,,
lp_pdbbind,protein,regression,1d,10000.0,astartes,2.0,ok,0.319734,,0.1999,5.7795,rf_regressor,r2,0.9113,0.1442,0.7672,8001.0,1999.0,,
