n,reps,lowrank_time_s,lowrank_lpi,lowrank_test_frac,hypergraph_time_s,hypergraph_lpi,hypergraph_lpi_std,hypergraph_test_frac,random_lpi
1000,5,0.021,0.2703,0.2,0.071,0.2829,0.0331,0.189,0.3162
3000,5,0.026,0.2701,0.2,0.185,0.2522,0.0151,0.1603,0.3195
10000,5,0.032,0.2696,0.2,0.564,0.2453,0.0013,0.1599,0.3198
30000,5,0.093,0.2687,0.2,1.552,0.2478,0.001,0.1611,0.3199
100000,5,0.303,0.2695,0.2,4.919,0.2466,0.0024,0.1614,0.3201
300000,1,0.843,0.2691,0.2,,,,,0.3201
1000000,1,2.842,0.2695,0.2,,,,,0.3199
3000000,1,8.516,0.2695,0.2,,,,,0.32
9553821,1,27.25,0.2704,0.2,,,,,0.3206
